actor,region,dmu,source_sheet,source_row,land_area_m2,land_lease_value_idr,labor_cost_idr,seed_purchase_value_idr,fertilizer_purchase_value_idr,pesticide_purchase_value_idr,equipment_rent_value_idr,production_value_idr,number_of_machines,value_of_milled_grains_idr,amount_of_milled_rice_kg,supporting_equipment_cost_idr,nilaiberashasilgiling,total_revenue_of_milling_machine_idr,total_rice_purchase_kg,total_rice_purchase_idr,building_rent_cost_idr,value_of_rice_sold_idr,total_precipitation_pct,precipitation_quality_pct,value_of_rice_purchase_idr
Farmer,Garut,1,Farmer Data,2,2800.0,4900000.0,1400000.0,644000.0,3640000.0,364000.0,470000.0,16200000.0,,,,,,,,,,,,,
Farmer,Garut,2,Farmer Data,3,1400.0,4900000.0,500000.0,322000.0,1820000.0,182000.0,540000.0,8100000.0,,,,,,,,,,,,,
Farmer,Garut,3,Farmer Data,4,2000.0,2000000.0,700000.0,200000.0,2600000.0,260000.0,690000.0,14850000.0,,,,,,,,,,,,,
Farmer,Garut,4,Farmer Data,5,1000.0,1800000.0,800000.0,230000.0,1300000.0,100000.0,340000.0,13050000.0,,,,,,,,,,,,,
Farmer,Garut,5,Farmer Data,6,800.0,1520000.0,580000.0,184000.0,1040000.0,104000.0,350000.0,10200000.0,,,,,,,,,,,,,
Farmer,Garut,6,Farmer Data,7,800.0,1400000.0,550000.0,184000.0,1040000.0,104000.0,350000.0,3600000.0,,,,,,,,,,,,,
Farmer,Garut,7,Farmer Data,8,1000.0,400000.0,500000.0,230000.0,1300000.0,180000.0,490000.0,8100000.0,,,,,,,,,,,,,
Farmer,Garut,8,Farmer Data,9,1400.0,700000.0,500000.0,322000.0,1820000.0,182000.0,470000.0,7850000.0,,,,,,,,,,,,,
Farmer,Garut,9,Farmer Data,10,5000.0,3500000.0,1200000.0,1150000.0,6500000.0,650000.0,690000.0,29700000.0,,,,,,,,,,,,,
Farmer,Garut,10,Farmer Data,11,2800.0,5040000.0,1150000.0,644000.0,3640000.0,364000.0,750000.0,36450000.0,,,,,,,,,,,,,
Farmer,Garut,11,Farmer Data,12,1000.0,1900000.0,1180000.0,230000.0,1300000.0,130000.0,390000.0,13050000.0,,,,,,,,,,,,,
Farmer,Garut,12,Farmer Data,13,3000.0,1800000.0,850000.0,690000.0,3900000.0,390000.0,790000.0,28200000.0,,,,,,,,,,,,,
Farmer,Garut,13,Farmer Data,14,1400.0,980000.0,800000.0,322000.0,1820000.0,182000.0,330000.0,9400000.0,,,,,,,,,,,,,
Farmer,Garut,14,Farmer Data,15,230.0,402500.0,120000.0,52900.0,391000.0,69000.0,420000.0,2100000.0,,,,,,,,,,,,,
Farmer,Garut,15,Farmer Data,16,1500.0,2850000.0,1800000.0,345000.0,1950000.0,195000.0,340000.0,19800000.0,,,,,,,,,,,,,
Farmer,Garut,16,Farmer Data,17,1200.0,3960000.0,500000.0,276000.0,1560000.0,156000.0,370000.0,6750000.0,,,,,,,,,,,,,
Farmer,Garut,17,Farmer Data,18,700.0,1225000.0,760000.0,161000.0,910000.0,91000.0,330000.0,9300000.0,,,,,,,,,,,,,
Farmer,Garut,18,Farmer Data,19,2000.0,3600000.0,3700000.0,460000.0,2000000.0,260000.0,690000.0,25650000.0,,,,,,,,,,,,,
Farmer,Garut,19,Farmer Data,20,1400.0,4900000.0,500000.0,322000.0,1820000.0,182000.0,470000.0,6750000.0,,,,,,,,,,,,,
Farmer,Garut,20,Farmer Data,21,2800.0,2800000.0,1000000.0,644000.0,3640000.0,280000.0,750000.0,13500000.0,,,,,,,,,,,,,
Farmer,Garut,21,Farmer Data,22,1000.0,4000000.0,500000.0,230000.0,1300000.0,130000.0,440000.0,5400000.0,,,,,,,,,,,,,
Farmer,Garut,22,Farmer Data,23,1400.0,4900000.0,500000.0,322000.0,1820000.0,182000.0,470000.0,6750000.0,,,,,,,,,,,,,
Farmer,Garut,23,Farmer Data,24,1000.0,4000000.0,500000.0,230000.0,1300000.0,130000.0,390000.0,5400000.0,,,,,,,,,,,,,
Farmer,Garut,24,Farmer Data,25,1400.0,4900000.0,500000.0,322000.0,1820000.0,182000.0,470000.0,6750000.0,,,,,,,,,,,,,
Farmer,Garut,25,Farmer Data,26,2000.0,1000000.0,850000.0,460000.0,2600000.0,260000.0,440000.0,14850000.0,,,,,,,,,,,,,
Farmer,Garut,26,Farmer Data,27,5000.0,3500000.0,1600000.0,1150000.0,6500000.0,500000.0,1200000.0,34650000.0,,,,,,,,,,,,,
Farmer,Garut,27,Farmer Data,28,7000.0,4900000.0,2000000.0,1610000.0,9100000.0,910000.0,1700000.0,49500000.0,,,,,,,,,,,,,
Farmer,Garut,28,Farmer Data,29,2000.0,2000000.0,1000000.0,460000.0,2600000.0,260000.0,450000.0,13180000.0,,,,,,,,,,,,,
Farmer,Garut,29,Farmer Data,30,120.0,210000.0,70000.0,27600.0,156000.0,15600.0,990000.0,1740000.0,,,,,,,,,,,,,
Farmer,Garut,30,Farmer Data,31,2000.0,3800000.0,540000.0,460000.0,2600000.0,200000.0,690000.0,25650000.0,,,,,,,,,,,,,
Farmer,Garut,31,Farmer Data,32,2100.0,3360000.0,1300000.0,483000.0,2730000.0,273000.0,470000.0,15150000.0,,,,,,,,,,,,,
Farmer,Garut,32,Farmer Data,33,1400.0,2240000.0,600000.0,322000.0,1820000.0,182000.0,400000.0,10100000.0,,,,,,,,,,,,,
Farmer,Garut,33,Farmer Data,34,4000.0,2000000.0,1600000.0,920000.0,5200000.0,520000.0,1200000.0,30000000.0,,,,,,,,,,,,,
Farmer,Garut,34,Farmer Data,35,2400.0,1920000.0,1200000.0,552000.0,3120000.0,312000.0,650000.0,19000000.0,,,,,,,,,,,,,
Farmer,Garut,35,Farmer Data,36,4200.0,7350000.0,1480000.0,966000.0,5460000.0,546000.0,1240000.0,27540000.0,,,,,,,,,,,,,
Farmer,Garut,36,Farmer Data,37,3500.0,11900000.0,600000.0,805000.0,4550000.0,455000.0,695000.0,24750000.0,,,,,,,,,,,,,
Farmer,Garut,37,Farmer Data,38,2100.0,7350000.0,600000.0,483000.0,2730000.0,273000.0,365000.0,14850000.0,,,,,,,,,,,,,
Farmer,Garut,38,Farmer Data,39,1400.0,4900000.0,500000.0,322000.0,1820000.0,182000.0,330000.0,9900000.0,,,,,,,,,,,,,
Farmer,Garut,39,Farmer Data,40,2000.0,7000000.0,600000.0,460000.0,2600000.0,260000.0,390000.0,14850000.0,,,,,,,,,,,,,
Farmer,Garut,40,Farmer Data,41,1300.0,2275000.0,500000.0,299000.0,1690000.0,169000.0,385000.0,16875000.0,,,,,,,,,,,,,
Farmer,Garut,41,Farmer Data,42,7000.0,24500000.0,2500000.0,1610000.0,9100000.0,910000.0,1900000.0,49500000.0,,,,,,,,,,,,,
Farmer,Garut,42,Farmer Data,43,1400.0,4900000.0,600000.0,322000.0,1820000.0,182000.0,330000.0,9900000.0,,,,,,,,,,,,,
Farmer,Garut,43,Farmer Data,44,2300.0,1150000.0,850000.0,529000.0,2990000.0,299000.0,491000.0,16200000.0,,,,,,,,,,,,,
Farmer,Garut,44,Farmer Data,45,2200.0,14960000.0,700000.0,506000.0,5060000.0,286000.0,370000.0,28800000.0,,,,,,,,,,,,,
Farmer,Garut,45,Farmer Data,46,3000.0,9900000.0,1400000.0,690000.0,3900000.0,390000.0,700000.0,18600000.0,,,,,,,,,,,,,
Farmer,Garut,46,Farmer Data,47,1400.0,4900000.0,600000.0,322000.0,1820000.0,182000.0,420000.0,9900000.0,,,,,,,,,,,,,
Farmer,Garut,47,Farmer Data,48,4500.0,19800000.0,1700000.0,1035000.0,5850000.0,585000.0,775000.0,24750000.0,,,,,,,,,,,,,
Farmer,Garut,48,Farmer Data,49,1120.0,2128000.0,710000.0,257600.0,1456000.0,145600.0,1086000.0,14850000.0,,,,,,,,,,,,,
Farmer,Garut,49,Farmer Data,50,500.0,875000.0,190000.0,115000.0,650000.0,65000.0,240000.0,6550000.0,,,,,,,,,,,,,
Farmer,Garut,50,Farmer Data,51,2800.0,4900000.0,1200000.0,644000.0,3640000.0,364000.0,2430000.0,36450000.0,,,,,,,,,,,,,
Farmer,Garut,51,Farmer Data,52,170.0,1496000.0,120000.0,39100.0,221000.0,22100.0,456000.0,2100000.0,,,,,,,,,,,,,
Farmer,Garut,52,Farmer Data,53,1000.0,500000.0,960000.0,230000.0,1300000.0,100000.0,350000.0,19800000.0,,,,,,,,,,,,,
Farmer,Garut,53,Farmer Data,54,1000.0,500000.0,960000.0,230000.0,1300000.0,100000.0,350000.0,19800000.0,,,,,,,,,,,,,
Farmer,Garut,54,Farmer Data,55,1000.0,500000.0,960000.0,230000.0,1300000.0,100000.0,350000.0,19800000.0,,,,,,,,,,,,,
Farmer,Garut,55,Farmer Data,56,1000.0,500000.0,840000.0,300000.0,1300000.0,100000.0,320000.0,9300000.0,,,,,,,,,,,,,
Farmer,Garut,56,Farmer Data,57,2500.0,4500000.0,500000.0,575000.0,3250000.0,325000.0,690000.0,29700000.0,,,,,,,,,,,,,
Farmer,Garut,57,Farmer Data,58,1300.0,2470000.0,500000.0,299000.0,1690000.0,169000.0,450000.0,16875000.0,,,,,,,,,,,,,
Farmer,Garut,58,Farmer Data,59,1800.0,3150000.0,500000.0,414000.0,2340000.0,234000.0,3790000.0,29700000.0,,,,,,,,,,,,,
Farmer,Garut,59,Farmer Data,60,2100.0,3675000.0,500000.0,483000.0,2730000.0,273000.0,610000.0,48300000.0,,,,,,,,,,,,,
Farmer,Garut,60,Farmer Data,61,900.0,450000.0,960000.0,270000.0,1170000.0,99000.0,340000.0,9400000.0,,,,,,,,,,,,,
Farmer,Garut,61,Farmer Data,62,900.0,450000.0,960000.0,270000.0,1170000.0,99000.0,340000.0,9400000.0,,,,,,,,,,,,,
Farmer,Garut,62,Farmer Data,63,900.0,450000.0,960000.0,270000.0,1170000.0,99000.0,320000.0,9900000.0,,,,,,,,,,,,,
Farmer,Garut,63,Farmer Data,64,1400.0,2520000.0,720000.0,322000.0,1820000.0,182000.0,260000.0,17550000.0,,,,,,,,,,,,,
Farmer,Garut,64,Farmer Data,65,1050.0,1995000.0,560000.0,241500.0,1365000.0,136500.0,295000.0,13950000.0,,,,,,,,,,,,,
Farmer,Garut,65,Farmer Data,66,1200.0,720000.0,500000.0,276000.0,1560000.0,156000.0,290000.0,8100000.0,,,,,,,,,,,,,
Farmer,Garut,66,Farmer Data,67,1600.0,960000.0,600000.0,368000.0,2080000.0,208000.0,370000.0,9900000.0,,,,,,,,,,,,,
Farmer,Garut,67,Farmer Data,68,1900.0,3325000.0,560000.0,437000.0,2470000.0,247000.0,570000.0,24750000.0,,,,,,,,,,,,,
Farmer,Garut,68,Farmer Data,69,1300.0,2275000.0,500000.0,299000.0,1690000.0,169000.0,385000.0,16875000.0,,,,,,,,,,,,,
Farmer,Garut,69,Farmer Data,70,2800.0,9800000.0,800000.0,644000.0,3640000.0,364000.0,660000.0,13640000.0,,,,,,,,,,,,,
Farmer,Garut,70,Farmer Data,71,2000.0,3600000.0,500000.0,460000.0,2600000.0,260000.0,590000.0,25650000.0,,,,,,,,,,,,,
Farmer,Garut,71,Farmer Data,72,2000.0,3800000.0,500000.0,460000.0,2600000.0,260000.0,2690000.0,39600000.0,,,,,,,,,,,,,
Farmer,Garut,72,Farmer Data,73,15000.0,26250000.0,13000000.0,3450000.0,19500000.0,1950000.0,2440000.0,198000000.0,,,,,,,,,,,,,
Farmer,Garut,73,Farmer Data,74,1800.0,3150000.0,500000.0,414000.0,2340000.0,198000.0,550000.0,24000000.0,,,,,,,,,,,,,
Farmer,Garut,74,Farmer Data,75,1900.0,3420000.0,560000.0,437000.0,2470000.0,247000.0,570000.0,24750000.0,,,,,,,,,,,,,
Farmer,Garut,75,Farmer Data,76,2000.0,3800000.0,500000.0,460000.0,2600000.0,260000.0,390000.0,39600000.0,,,,,,,,,,,,,
Farmer,Garut,76,Farmer Data,77,2100.0,3675000.0,500000.0,483000.0,2730000.0,273000.0,610000.0,49500000.0,,,,,,,,,,,,,
Farmer,Garut,77,Farmer Data,78,1000.0,4000000.0,500000.0,230000.0,1300000.0,130000.0,300000.0,6400000.0,,,,,,,,,,,,,
Farmer,Garut,78,Farmer Data,79,1400.0,4900000.0,500000.0,322000.0,1820000.0,182000.0,330000.0,6890000.0,,,,,,,,,,,,,
Farmer,Garut,79,Farmer Data,80,2100.0,7980000.0,800000.0,483000.0,2730000.0,273000.0,920000.0,9600000.0,,,,,,,,,,,,,
Farmer,Garut,80,Farmer Data,81,2250.0,7875000.0,800000.0,517500.0,2925000.0,292500.0,432500.0,12840000.0,,,,,,,,,,,,,
Farmer,Garut,81,Farmer Data,82,1200.0,600000.0,500000.0,276000.0,1560000.0,156000.0,410000.0,8325000.0,,,,,,,,,,,,,
Farmer,Garut,82,Farmer Data,83,1000.0,500000.0,840000.0,230000.0,1300000.0,130000.0,320000.0,9300000.0,,,,,,,,,,,,,
Farmer,Garut,83,Farmer Data,84,1000.0,500000.0,840000.0,300000.0,1300000.0,130000.0,320000.0,9300000.0,,,,,,,,,,,,,
Farmer,Garut,84,Farmer Data,85,1000.0,500000.0,840000.0,300000.0,1300000.0,100000.0,320000.0,9300000.0,,,,,,,,,,,,,
Farmer,Garut,85,Farmer Data,86,2100.0,7350000.0,700000.0,483000.0,2730000.0,273000.0,365000.0,10200000.0,,,,,,,,,,,,,
Farmer,Garut,86,Farmer Data,87,1200.0,4920000.0,500000.0,276000.0,1560000.0,156000.0,350000.0,6590000.0,,,,,,,,,,,,,
Farmer,Garut,87,Farmer Data,88,2240.0,7840000.0,800000.0,515200.0,2912000.0,291200.0,498000.0,12600000.0,,,,,,,,,,,,,
Farmer,Garut,88,Farmer Data,89,1680.0,5880000.0,500000.0,386400.0,2184000.0,218400.0,386000.0,8495000.0,,,,,,,,,,,,,
Farmer,Garut,89,Farmer Data,90,2500.0,1500000.0,800000.0,575000.0,3250000.0,325000.0,550000.0,15000000.0,,,,,,,,,,,,,
Farmer,Garut,90,Farmer Data,91,2000.0,1000000.0,600000.0,460000.0,2600000.0,260000.0,390000.0,12720000.0,,,,,,,,,,,,,
Farmer,Garut,91,Farmer Data,92,1120.0,4928000.0,500000.0,257600.0,1456000.0,145600.0,386000.0,6544000.0,,,,,,,,,,,,,
Farmer,Garut,92,Farmer Data,93,1400.0,4900000.0,500000.0,322000.0,1820000.0,182000.0,330000.0,8180000.0,,,,,,,,,,,,,
Farmer,Garut,93,Farmer Data,94,1200.0,2160000.0,620000.0,276000.0,1560000.0,156000.0,310000.0,16200000.0,,,,,,,,,,,,,
Farmer,Garut,94,Farmer Data,95,3500.0,6125000.0,1480000.0,805000.0,4550000.0,455000.0,365000.0,48150000.0,,,,,,,,,,,,,
Farmer,Garut,95,Farmer Data,96,1400.0,2450000.0,500000.0,322000.0,1820000.0,182000.0,260000.0,17550000.0,,,,,,,,,,,,,
Farmer,Garut,96,Farmer Data,97,1000.0,500000.0,840000.0,300000.0,1300000.0,100000.0,320000.0,9300000.0,,,,,,,,,,,,,
Farmer,Garut,97,Farmer Data,98,1000.0,500000.0,840000.0,300000.0,1300000.0,100000.0,320000.0,9300000.0,,,,,,,,,,,,,
Farmer,Garut,98,Farmer Data,99,2000.0,3600000.0,900000.0,460000.0,2600000.0,260000.0,490000.0,9400000.0,,,,,,,,,,,,,
Farmer,Indramayu,1,Farmer Data,103,2000.0,3000000.0,1210000.0,460000.0,2600000.0,260000.0,1190000.0,25650000.0,,,,,,,,,,,,,
Farmer,Indramayu,2,Farmer Data,104,500.0,3000000.0,150000.0,115000.0,650000.0,65000.0,2190000.0,10400000.0,,,,,,,,,,,,,
Farmer,Indramayu,3,Farmer Data,105,4000.0,25000000.0,5000000.0,920000.0,5200000.0,520000.0,590000.0,62400000.0,,,,,,,,,,,,,
Farmer,Indramayu,4,Farmer Data,106,140.0,245000.0,130000.0,32200.0,182000.0,18200.0,680000.0,1860000.0,,,,,,,,,,,,,
Farmer,Indramayu,5,Farmer Data,107,2000.0,3500000.0,500000.0,460000.0,2600000.0,260000.0,590000.0,25650000.0,,,,,,,,,,,,,
Farmer,Indramayu,6,Farmer Data,108,10000.0,34000000.0,5000000.0,2300000.0,13000000.0,1300000.0,1190000.0,86800000.0,,,,,,,,,,,,,
Farmer,Indramayu,7,Farmer Data,109,1000.0,3000000.0,500000.0,230000.0,1300000.0,130000.0,2390000.0,13050000.0,,,,,,,,,,,,,
Farmer,Indramayu,8,Farmer Data,110,500.0,2400000.0,300000.0,115000.0,1400000.0,65000.0,2190000.0,6550000.0,,,,,,,,,,,,,
Farmer,Indramayu,9,Farmer Data,111,2000.0,6000000.0,500000.0,460000.0,4500000.0,260000.0,3190000.0,25650000.0,,,,,,,,,,,,,
Farmer,Indramayu,10,Farmer Data,112,5000.0,33000000.0,3200000.0,1150000.0,5000000.0,650000.0,2690000.0,66150000.0,,,,,,,,,,,,,
Farmer,Indramayu,11,Farmer Data,113,10000.0,15000000.0,12000000.0,2300000.0,13000000.0,1300000.0,1190000.0,133650000.0,,,,,,,,,,,,,
Farmer,Indramayu,12,Farmer Data,114,7000.0,12600000.0,5000000.0,1610000.0,9100000.0,910000.0,890000.0,41400000.0,,,,,,,,,,,,,
Farmer,Indramayu,13,Farmer Data,115,900.0,990000.0,500000.0,180000.0,1800000.0,117000.0,1090000.0,12250000.0,,,,,,,,,,,,,
Farmer,Indramayu,14,Farmer Data,116,280.0,980000.0,200000.0,64400.0,364000.0,36400.0,2150000.0,2100000.0,,,,,,,,,,,,,
Farmer,Indramayu,15,Farmer Data,117,4500.0,14850000.0,5000000.0,1035000.0,5850000.0,585000.0,2440000.0,59400000.0,,,,,,,,,,,,,
Farmer,Indramayu,16,Farmer Data,118,3000.0,5700000.0,5000000.0,690000.0,3900000.0,390000.0,1090000.0,49500000.0,,,,,,,,,,,,,
Farmer,Indramayu,17,Farmer Data,119,5000.0,15000000.0,3000000.0,1150000.0,5000000.0,650000.0,2690000.0,91200000.0,,,,,,,,,,,,,
Farmer,Indramayu,18,Farmer Data,120,6300.0,14490000.0,14200000.0,1449000.0,8190000.0,819000.0,1135000.0,84150000.0,,,,,,,,,,,,,
Farmer,Indramayu,19,Farmer Data,121,7000.0,12250000.0,3000000.0,1610000.0,7700000.0,910000.0,890000.0,131600000.0,,,,,,,,,,,,,
Farmer,Indramayu,20,Farmer Data,122,8000.0,15200000.0,4000000.0,1840000.0,10400000.0,1040000.0,990000.0,39600000.0,,,,,,,,,,,,,
Farmer,Indramayu,21,Farmer Data,123,6000.0,10800000.0,1000000.0,1380000.0,7800000.0,1200000.0,1900000.0,65000000.0,,,,,,,,,,,,,
Farmer,Indramayu,22,Farmer Data,124,2500.0,24000000.0,2000000.0,625000.0,4750000.0,325000.0,2190000.0,41600000.0,,,,,,,,,,,,,
Farmer,Indramayu,23,Farmer Data,125,230.0,1587000.0,230000.0,52900.0,299000.0,29900.0,1133000.0,2100000.0,,,,,,,,,,,,,
Farmer,Indramayu,24,Farmer Data,126,200.0,350000.0,100000.0,46000.0,260000.0,26000.0,2190000.0,2100000.0,,,,,,,,,,,,,
Farmer,Indramayu,25,Farmer Data,127,2500.0,20000000.0,5000000.0,575000.0,5000000.0,325000.0,2190000.0,32850000.0,,,,,,,,,,,,,
Farmer,Indramayu,26,Farmer Data,128,5000.0,15000000.0,12000000.0,1150000.0,6500000.0,1000000.0,1190000.0,66150000.0,,,,,,,,,,,,,
Farmer,Indramayu,27,Farmer Data,129,2500.0,20000000.0,1200000.0,575000.0,3250000.0,325000.0,940000.0,32850000.0,,,,,,,,,,,,,
Farmer,Indramayu,28,Farmer Data,130,14000.0,16800000.0,5000000.0,3220000.0,18200000.0,2800000.0,1590000.0,186300000.0,,,,,,,,,,,,,
Farmer,Indramayu,29,Farmer Data,131,1200.0,2160000.0,400000.0,276000.0,2040000.0,156000.0,1150000.0,18600000.0,,,,,,,,,,,,,
Farmer,Indramayu,30,Farmer Data,132,250.0,4000000.0,250000.0,105000.0,325000.0,32500.0,1090000.0,2100000.0,,,,,,,,,,,,,
Farmer,Indramayu,31,Farmer Data,133,10000.0,20000000.0,6000000.0,2300000.0,10000000.0,2000000.0,2190000.0,133650000.0,,,,,,,,,,,,,
Farmer,Indramayu,32,Farmer Data,134,2130.0,1917000.0,3000000.0,489900.0,2769000.0,276900.0,1255000.0,29700000.0,,,,,,,,,,,,,
Farmer,Indramayu,33,Farmer Data,135,5000.0,9000000.0,4000000.0,1150000.0,6500000.0,650000.0,2690000.0,53000000.0,,,,,,,,,,,,,
Farmer,Indramayu,34,Farmer Data,136,6000.0,11400000.0,4000000.0,1380000.0,7800000.0,780000.0,1990000.0,62400000.0,,,,,,,,,,,,,
Farmer,Indramayu,35,Farmer Data,137,2000.0,3500000.0,1000000.0,460000.0,2000000.0,260000.0,2190000.0,25650000.0,,,,,,,,,,,,,
Farmer,Indramayu,36,Farmer Data,138,20000.0,35000000.0,6000000.0,4600000.0,26000000.0,2600000.0,2190000.0,114400000.0,,,,,,,,,,,,,
Farmer,Indramayu,37,Farmer Data,139,14193.0,15612300.0,3600000.0,3264390.0,18450900.0,1845090.0,1609300.0,79800000.0,,,,,,,,,,,,,
Farmer,Indramayu,38,Farmer Data,140,1000.0,1100000.0,500000.0,230000.0,1300000.0,200000.0,490000.0,9900000.0,,,,,,,,,,,,,
Farmer,Indramayu,39,Farmer Data,141,8400.0,35280000.0,5000000.0,1932000.0,10920000.0,2100000.0,1030000.0,59400000.0,,,,,,,,,,,,,
Farmer,Indramayu,40,Farmer Data,142,500.0,2500000.0,500000.0,115000.0,500000.0,65000.0,1090000.0,11000000.0,,,,,,,,,,,,,
Farmer,Indramayu,41,Farmer Data,143,9800.0,17150000.0,12000000.0,2254000.0,12740000.0,2940000.0,1170000.0,128700000.0,,,,,,,,,,,,,
Farmer,Indramayu,42,Farmer Data,144,10000.0,22000000.0,1500000.0,2300000.0,13000000.0,1300000.0,1690000.0,61650000.0,,,,,,,,,,,,,
Farmer,Indramayu,43,Farmer Data,145,9800.0,17640000.0,13000000.0,2254000.0,12740000.0,1274000.0,1660000.0,66060000.0,,,,,,,,,,,,,
Farmer,Indramayu,44,Farmer Data,146,12000.0,25200000.0,2000000.0,2760000.0,15600000.0,1560000.0,1990000.0,83750000.0,,,,,,,,,,,,,
Farmer,Indramayu,45,Farmer Data,147,14000.0,31500000.0,4000000.0,3220000.0,18200000.0,1820000.0,890000.0,101020000.0,,,,,,,,,,,,,
Farmer,Indramayu,46,Farmer Data,148,7000.0,15750000.0,1500000.0,1610000.0,9100000.0,910000.0,1590000.0,94050000.0,,,,,,,,,,,,,
Farmer,Indramayu,47,Farmer Data,149,8400.0,35280000.0,5000000.0,1932000.0,10920000.0,2100000.0,1030000.0,112050000.0,,,,,,,,,,,,,
Farmer,Indramayu,48,Farmer Data,150,7000.0,14700000.0,4500000.0,1610000.0,9100000.0,910000.0,1380000.0,44550000.0,,,,,,,,,,,,,
Farmer,Indramayu,49,Farmer Data,151,7000.0,14700000.0,4000000.0,1610000.0,9100000.0,2100000.0,890000.0,45800000.0,,,,,,,,,,,,,
Farmer,Indramayu,50,Farmer Data,152,18000.0,45000000.0,10000000.0,1800000.0,23400000.0,2340000.0,5590000.0,161600000.0,,,,,,,,,,,,,
Farmer,Indramayu,51,Farmer Data,153,10000.0,18000000.0,6000000.0,2300000.0,13000000.0,1300000.0,3190000.0,77590000.0,,,,,,,,,,,,,
Farmer,Indramayu,52,Farmer Data,154,14000.0,37800000.0,7000000.0,3220000.0,18200000.0,1820000.0,4390000.0,101000000.0,,,,,,,,,,,,,
Farmer,Indramayu,53,Farmer Data,155,5000.0,10000000.0,1500000.0,1150000.0,6500000.0,1250000.0,1440000.0,35350000.0,,,,,,,,,,,,,
Farmer,Indramayu,54,Farmer Data,156,4000.0,9000000.0,1000000.0,920000.0,5200000.0,1000000.0,990000.0,51300000.0,,,,,,,,,,,,,
Farmer,Indramayu,55,Farmer Data,157,5000.0,9000000.0,1000000.0,1150000.0,6500000.0,800000.0,1440000.0,29020000.0,,,,,,,,,,,,,
Farmer,Indramayu,56,Farmer Data,158,6000.0,12600000.0,2000000.0,1380000.0,7800000.0,1200000.0,1090000.0,32400000.0,,,,,,,,,,,,,
Farmer,Indramayu,57,Farmer Data,159,1200.0,3000000.0,700000.0,276000.0,1500000.0,156000.0,790000.0,16200000.0,,,,,,,,,,,,,
Farmer,Indramayu,58,Farmer Data,160,6000.0,9600000.0,3000000.0,1380000.0,7800000.0,1800000.0,1690000.0,42240000.0,,,,,,,,,,,,,
Farmer,Indramayu,59,Farmer Data,161,8000.0,14400000.0,4000000.0,1840000.0,10400000.0,1040000.0,2190000.0,62440000.0,,,,,,,,,,,,,
Farmer,Indramayu,60,Farmer Data,162,5000.0,10000000.0,2000000.0,1150000.0,6500000.0,1250000.0,1190000.0,66150000.0,,,,,,,,,,,,,
Farmer,Indramayu,61,Farmer Data,163,600.0,1200000.0,500000.0,138000.0,600000.0,78000.0,1138168.341708544,12720000.0,,,,,,,,,,,,,
Farmer,Indramayu,62,Farmer Data,164,4000.0,9200000.0,1200000.0,920000.0,5200000.0,1000000.0,1190000.0,33180000.0,,,,,,,,,,,,,
Farmer,Karawang,1,Farmer Data,168,6000.0,10500000.0,7200000.0,1380000.0,7800000.0,780000.0,1690000.0,39600000.0,,,,,,,,,,,,,
Farmer,Karawang,2,Farmer Data,169,10000.0,17500000.0,12000000.0,2300000.0,13000000.0,500000.0,2500000.0,133650000.0,,,,,,,,,,,,,
Farmer,Karawang,3,Farmer Data,170,10000.0,17500000.0,2400000.0,2300000.0,13000000.0,1300000.0,3100000.0,61200000.0,,,,,,,,,,,,,
Farmer,Karawang,4,Farmer Data,171,5000.0,8750000.0,1200000.0,1150000.0,6500000.0,650000.0,3100000.0,30600000.0,,,,,,,,,,,,,
Farmer,Karawang,5,Farmer Data,172,20000.0,36000000.0,3600000.0,4600000.0,26000000.0,2600000.0,2190000.0,267300000.0,,,,,,,,,,,,,
Farmer,Karawang,6,Farmer Data,173,10000.0,18000000.0,3600000.0,2300000.0,13000000.0,1300000.0,2690000.0,81600000.0,,,,,,,,,,,,,
Farmer,Karawang,7,Farmer Data,174,30000.0,18000000.0,25500000.0,6900000.0,39000000.0,3900000.0,1690000.0,244800000.0,,,,,,,,,,,,,
Farmer,Karawang,8,Farmer Data,175,6000.0,18000000.0,3840000.0,1380000.0,7800000.0,780000.0,1690000.0,30600000.0,,,,,,,,,,,,,
Farmer,Karawang,9,Farmer Data,176,10000.0,15000000.0,2400000.0,2300000.0,13000000.0,1300000.0,3150000.0,133650000.0,,,,,,,,,,,,,
Farmer,Karawang,10,Farmer Data,177,20000.0,18000000.0,12000000.0,4600000.0,26000000.0,2600000.0,5190000.0,267300000.0,,,,,,,,,,,,,
Farmer,Karawang,11,Farmer Data,178,20000.0,18000000.0,17000000.0,4600000.0,26000000.0,2600000.0,5600000.0,153000000.0,,,,,,,,,,,,,
Farmer,Karawang,12,Farmer Data,179,30000.0,18000000.0,5000000.0,6900000.0,39000000.0,3900000.0,2000000.0,230400000.0,,,,,,,,,,,,,
Farmer,Karawang,13,Farmer Data,180,7000.0,17500000.0,10000000.0,1610000.0,9100000.0,910000.0,2290000.0,94050000.0,,,,,,,,,,,,,
Farmer,Karawang,14,Farmer Data,181,3500.0,17850000.0,720000.0,805000.0,4550000.0,1050000.0,1240000.0,48150000.0,,,,,,,,,,,,,
Farmer,Karawang,15,Farmer Data,182,15000.0,12000000.0,6000000.0,3450000.0,19500000.0,1500000.0,1800000.0,118800000.0,,,,,,,,,,,,,
Farmer,Karawang,16,Farmer Data,183,10000.0,18000000.0,3000000.0,2300000.0,13000000.0,2500000.0,2700000.0,81600000.0,,,,,,,,,,,,,
Farmer,Karawang,17,Farmer Data,184,17000.0,255000000.0,7200000.0,3910000.0,22100000.0,2210000.0,5400000.0,153000000.0,,,,,,,,,,,,,
Farmer,Karawang,18,Farmer Data,185,2500.0,10000000.0,4000000.0,575000.0,3250000.0,325000.0,5250000.0,12800000.0,,,,,,,,,,,,,
Farmer,Karawang,19,Farmer Data,186,30000.0,99000000.0,8000000.0,6900000.0,39000000.0,4800000.0,1800000.0,208000000.0,,,,,,,,,,,,,
Farmer,Karawang,20,Farmer Data,187,6000.0,18000000.0,3000000.0,1380000.0,7800000.0,1500000.0,1390000.0,28200000.0,,,,,,,,,,,,,
Farmer,Karawang,21,Farmer Data,188,20000.0,10000000.0,5000000.0,4600000.0,26000000.0,2600000.0,3190000.0,148500000.0,,,,,,,,,,,,,
Farmer,Karawang,22,Farmer Data,189,10000.0,15000000.0,3000000.0,2300000.0,13000000.0,1500000.0,3190000.0,82400000.0,,,,,,,,,,,,,
Farmer,Karawang,23,Farmer Data,190,10000.0,10000000.0,3000000.0,2300000.0,13000000.0,1200000.0,1190000.0,81600000.0,,,,,,,,,,,,,
Farmer,Karawang,24,Farmer Data,191,10000.0,15000000.0,6000000.0,2300000.0,13000000.0,1200000.0,2690000.0,81600000.0,,,,,,,,,,,,,
Farmer,Karawang,25,Farmer Data,192,20000.0,12000000.0,7500000.0,4600000.0,26000000.0,2600000.0,5400000.0,153000000.0,,,,,,,,,,,,,
Farmer,Karawang,26,Farmer Data,193,8000.0,12000000.0,3500000.0,1840000.0,10400000.0,1200000.0,1390000.0,60600000.0,,,,,,,,,,,,,
Farmer,Karawang,27,Farmer Data,194,8000.0,14400000.0,3000000.0,1840000.0,10400000.0,1440000.0,1450000.0,50500000.0,,,,,,,,,,,,,
Farmer,Karawang,28,Farmer Data,195,10000.0,18000000.0,3800000.0,2300000.0,13000000.0,1200000.0,2690000.0,80800000.0,,,,,,,,,,,,,
Farmer,Karawang,29,Farmer Data,196,30000.0,15000000.0,16000000.0,6900000.0,39000000.0,3900000.0,2000000.0,237600000.0,,,,,,,,,,,,,
Farmer,Karawang,30,Farmer Data,197,20000.0,15000000.0,4300000.0,4600000.0,26000000.0,4000000.0,2800000.0,122400000.0,,,,,,,,,,,,,
Farmer,Karawang,31,Farmer Data,198,10000.0,12000000.0,2400000.0,2300000.0,13000000.0,1300000.0,1300000.0,62400000.0,,,,,,,,,,,,,
Farmer,Karawang,32,Farmer Data,199,10000.0,12000000.0,2400000.0,2300000.0,13000000.0,1300000.0,1190000.0,79200000.0,,,,,,,,,,,,,
Farmer,Karawang,33,Farmer Data,200,20000.0,12000000.0,4300000.0,4600000.0,26000000.0,4000000.0,2500000.0,138600000.0,,,,,,,,,,,,,
Farmer,Karawang,34,Farmer Data,201,16000.0,9600000.0,4200000.0,3680000.0,20800000.0,4000000.0,2590000.0,112800000.0,,,,,,,,,,,,,
Farmer,Karawang,35,Farmer Data,202,15000.0,12000000.0,3500000.0,3450000.0,19500000.0,3750000.0,1690000.0,99000000.0,,,,,,,,,,,,,
Farmer,Karawang,36,Farmer Data,203,10000.0,12000000.0,2400000.0,2300000.0,13000000.0,1300000.0,1300000.0,69300000.0,,,,,,,,,,,,,
Farmer,Karawang,37,Farmer Data,204,16000.0,12000000.0,4700000.0,3680000.0,20800000.0,2560000.0,1790000.0,117002000.0,,,,,,,,,,,,,
Farmer,Karawang,38,Farmer Data,205,10000.0,12000000.0,2500000.0,2300000.0,13000000.0,1300000.0,1190000.0,80800000.0,,,,,,,,,,,,,
Farmer,Karawang,39,Farmer Data,206,5000.0,12000000.0,1400000.0,1150000.0,6500000.0,650000.0,690000.0,66150000.0,,,,,,,,,,,,,
Farmer,Karawang,40,Farmer Data,207,15000.0,12000000.0,3500000.0,3450000.0,19500000.0,3750000.0,1690000.0,99000000.0,,,,,,,,,,,,,
Farmer,Karawang,41,Farmer Data,208,10000.0,12000000.0,2400000.0,2300000.0,13000000.0,1300000.0,1300000.0,62400000.0,,,,,,,,,,,,,
Farmer,Karawang,42,Farmer Data,209,7000.0,14700000.0,2000000.0,1610000.0,9100000.0,910000.0,1350000.0,39600000.0,,,,,,,,,,,,,
Farmer,Karawang,43,Farmer Data,210,11500.0,11500000.0,2700000.0,2645000.0,14950000.0,3450000.0,2490000.0,67200000.0,,,,,,,,,,,,,
Farmer,Karawang,44,Farmer Data,211,19000.0,11400000.0,4500000.0,4370000.0,24700000.0,3800000.0,2200000.0,252900000.0,,,,,,,,,,,,,
Farmer,Karawang,45,Farmer Data,212,20000.0,12000000.0,4400000.0,4800000.0,26000000.0,2600000.0,1190000.0,196000000.0,,,,,,,,,,,,,
Farmer,Karawang,46,Farmer Data,213,28000.0,117600000.0,32000000.0,6440000.0,36400000.0,5040000.0,4950000.0,155200000.0,,,,,,,,,,,,,
Farmer,Karawang,47,Farmer Data,214,10000.0,12000000.0,2200000.0,2300000.0,13000000.0,3000000.0,1190000.0,48000000.0,,,,,,,,,,,,,
Farmer,Karawang,48,Farmer Data,215,10000.0,12000000.0,2400000.0,2300000.0,13000000.0,1300000.0,1300000.0,62400000.0,,,,,,,,,,,,,
Farmer,Karawang,49,Farmer Data,216,6000.0,15000000.0,1800000.0,1380000.0,7800000.0,780000.0,1390000.0,41600000.0,,,,,,,,,,,,,
Farmer,Karawang,50,Farmer Data,217,7000.0,11900000.0,1800000.0,1610000.0,9100000.0,910000.0,1380000.0,52000000.0,,,,,,,,,,,,,
Farmer,Karawang,51,Farmer Data,218,10000.0,12000000.0,2600000.0,2300000.0,13000000.0,2500000.0,1300000.0,63000000.0,,,,,,,,,,,,,
Farmer,Karawang,52,Farmer Data,219,20000.0,18000000.0,4300000.0,4600000.0,26000000.0,4000000.0,2700000.0,126000000.0,,,,,,,,,,,,,
Farmer,Karawang,53,Farmer Data,220,20000.0,70000000.0,3700000.0,4600000.0,26000000.0,2600000.0,2190000.0,169400000.0,,,,,,,,,,,,,
Farmer,Subang,1,Farmer Data,224,10000.0,30000000.0,5000000.0,2300000.0,13000000.0,3000000.0,1890000.0,47000000.0,,,,,,,,,,,,,
Farmer,Subang,2,Farmer Data,225,10000.0,7000000.0,10000000.0,2300000.0,13000000.0,2000000.0,1500000.0,133650000.0,,,,,,,,,,,,,
Farmer,Subang,3,Farmer Data,226,14500.0,7250000.0,2700000.0,3335000.0,18850000.0,4350000.0,2965000.0,193050000.0,,,,,,,,,,,,,
Farmer,Subang,4,Farmer Data,227,5600.0,2800000.0,6500000.0,1288000.0,7280000.0,1008000.0,660000.0,37720000.0,,,,,,,,,,,,,
Farmer,Subang,5,Farmer Data,228,1000.0,6250000.0,700000.0,350000.0,1300000.0,130000.0,1300000.0,13050000.0,,,,,,,,,,,,,
Farmer,Subang,6,Farmer Data,229,1000.0,6250000.0,700000.0,350000.0,1300000.0,130000.0,3500000.0,13050000.0,,,,,,,,,,,,,
Farmer,Subang,7,Farmer Data,230,7000.0,29400000.0,7000000.0,1610000.0,9100000.0,910000.0,4000000.0,69300000.0,,,,,,,,,,,,,
Farmer,Subang,8,Farmer Data,231,700.0,1610000.0,700000.0,350000.0,910000.0,91000.0,1200000.0,9300000.0,,,,,,,,,,,,,
Farmer,Subang,9,Farmer Data,232,7000.0,24500000.0,7000000.0,1610000.0,9100000.0,910000.0,7500000.0,94000000.0,,,,,,,,,,,,,
Farmer,Subang,10,Farmer Data,233,5000.0,17500000.0,7000000.0,1150000.0,6500000.0,650000.0,7500000.0,66150000.0,,,,,,,,,,,,,
Farmer,Subang,11,Farmer Data,234,1000.0,3500000.0,300000.0,150000.0,1300000.0,130000.0,7500000.0,13050000.0,,,,,,,,,,,,,
Farmer,Subang,12,Farmer Data,235,5000.0,17500000.0,7000000.0,1150000.0,5000000.0,650000.0,7500009.0,66150000.0,,,,,,,,,,,,,
Farmer,Subang,13,Farmer Data,236,1700.0,2975000.0,3000000.0,391000.0,2550000.0,221000.0,7470000.0,23400000.0,,,,,,,,,,,,,
Farmer,Subang,14,Farmer Data,237,1000.0,5000000.0,700000.0,150000.0,1500000.0,130000.0,7500009.0,13050000.0,,,,,,,,,,,,,
Farmer,Subang,15,Farmer Data,238,1000.0,5000000.0,1200000.0,150000.0,2000000.0,130000.0,2500000.0,13050000.0,,,,,,,,,,,,,
Farmer,Subang,16,Farmer Data,239,1400.0,980000.0,500000.0,322000.0,1820000.0,182000.0,330000.0,17550000.0,,,,,,,,,,,,,
Farmer,Subang,17,Farmer Data,240,2520.0,2016000.0,500000.0,579600.0,3276000.0,327600.0,272000.0,33300000.0,,,,,,,,,,,,,
Farmer,Subang,18,Farmer Data,241,1400.0,1260000.0,500000.0,322000.0,1820000.0,182000.0,295000.0,17550000.0,,,,,,,,,,,,,
Farmer,Subang,19,Farmer Data,242,1500.0,15000000.0,1500000.0,150000.0,1950000.0,195000.0,2450000.0,19800000.0,,,,,,,,,,,,,
Farmer,Subang,20,Farmer Data,243,750.0,3000000.0,1000000.0,150000.0,1500000.0,97500.0,2225000.0,9900000.0,,,,,,,,,,,,,
Farmer,Subang,21,Farmer Data,244,750.0,3000000.0,1000000.0,150000.0,1500000.0,97500.0,2225000.0,9900000.0,,,,,,,,,,,,,
Farmer,Subang,22,Farmer Data,245,1700.0,9860000.0,2000000.0,391000.0,2550000.0,221000.0,3900000.0,23850000.0,,,,,,,,,,,,,
Farmer,Subang,23,Farmer Data,246,20000.0,50000000.0,15000000.0,4600000.0,26000000.0,2600000.0,2200000.0,267300000.0,,,,,,,,,,,,,
Farmer,Subang,24,Farmer Data,247,15000.0,39000000.0,12000000.0,3450000.0,19500000.0,1950000.0,1390000.0,84150000.0,,,,,,,,,,,,,
Farmer,Subang,25,Farmer Data,248,7250.0,34800000.0,8500000.0,1667500.0,9425000.0,942500.0,915000.0,41850000.0,,,,,,,,,,,,,
Farmer,Subang,26,Farmer Data,249,10000.0,35000000.0,10000000.0,2300000.0,13000000.0,1300000.0,1190000.0,133650000.0,,,,,,,,,,,,,
Farmer,Subang,27,Farmer Data,250,1600.0,3040000.0,700000.0,560000.0,2080000.0,208000.0,670000.0,22950000.0,,,,,,,,,,,,,
Farmer,Subang,28,Farmer Data,251,5000.0,8750000.0,6500000.0,750000.0,6500000.0,500000.0,690000.0,34200000.0,,,,,,,,,,,,,
Farmer,Subang,29,Farmer Data,252,2500.0,4375000.0,550000.0,500000.0,3250000.0,350000.0,690000.0,33300000.0,,,,,,,,,,,,,
Farmer,Subang,30,Farmer Data,253,10000.0,18000000.0,9000000.0,2300000.0,13000000.0,1300000.0,1190000.0,59400000.0,,,,,,,,,,,,,
Farmer,Subang,31,Farmer Data,254,1000.0,1800000.0,500000.0,100277.15154898001,1300000.0,500000.0,440000.0,13050000.0,,,,,,,,,,,,,
Farmer,Subang,32,Farmer Data,255,9000.0,17100000.0,12000000.0,2070000.0,11700000.0,1170000.0,1090000.0,118800000.0,,,,,,,,,,,,,
Farmer,Subang,33,Farmer Data,256,2700.0,4725000.0,700000.0,405000.0,3510000.0,297000.0,595000.0,26700000.0,,,,,,,,,,,,,
Farmer,Subang,34,Farmer Data,257,4500.0,7875000.0,1200000.0,450000.0,5850000.0,585000.0,640000.0,39825000.0,,,,,,,,,,,,,
Farmer,Subang,35,Farmer Data,258,1300.0,2340000.0,690000.0,520000.0,1690000.0,325000.0,450000.0,13050000.0,,,,,,,,,,,,,
Farmer,Subang,36,Farmer Data,259,8000.0,15200000.0,8500000.0,1840000.0,10400000.0,1040000.0,990000.0,71100000.0,,,,,,,,,,,,,
Farmer,Subang,37,Farmer Data,260,1800.0,3150000.0,1350000.0,630000.0,2340000.0,360000.0,730000.0,17050000.0,,,,,,,,,,,,,
Farmer,Subang,38,Farmer Data,261,1500.0,2625000.0,690000.0,450000.0,1950000.0,240000.0,490000.0,13050000.0,,,,,,,,,,,,,
Farmer,Subang,39,Farmer Data,262,1800.0,3240000.0,500000.0,630000.0,2340000.0,234000.0,730000.0,17050000.0,,,,,,,,,,,,,
Farmer,Subang,40,Farmer Data,263,5000.0,9500000.0,6600000.0,500000.0,6500000.0,500000.0,690000.0,51300000.0,,,,,,,,,,,,,
Farmer,Subang,41,Farmer Data,264,1100.0,1925000.0,500000.0,330000.0,1430000.0,330000.0,520000.0,10400000.0,,,,,,,,,,,,,
Farmer,Subang,42,Farmer Data,265,1800.0,3150000.0,1350000.0,630000.0,2340000.0,234000.0,730000.0,17050000.0,,,,,,,,,,,,,
Farmer,Subang,43,Farmer Data,266,7250.0,13050000.0,1965000.0,725000.0,9425000.0,942500.0,840000.0,69750000.0,,,,,,,,,,,,,
Farmer,Subang,44,Farmer Data,267,3000.0,48000000.0,700000.0,450000.0,3900000.0,480000.0,790000.0,25650000.0,,,,,,,,,,,,,
Farmer,Subang,45,Farmer Data,268,2000.0,3800000.0,1200000.0,460000.0,2600000.0,260000.0,790000.0,25650000.0,,,,,,,,,,,,,
Farmer,Subang,46,Farmer Data,269,4500.0,7875000.0,650000.0,450000.0,5850000.0,585000.0,640000.0,39825000.0,,,,,,,,,,,,,
Farmer,Subang,47,Farmer Data,270,5000.0,8750000.0,5000000.0,1150000.0,6500000.0,650000.0,440000.0,48500000.0,,,,,,,,,,,,,
Farmer,Subang,48,Farmer Data,271,2000.0,3600000.0,500000.0,200000.0,2600000.0,260000.0,590000.0,25650000.0,,,,,,,,,,,,,
Farmer,Subang,49,Farmer Data,272,10000.0,19000000.0,9250000.0,2300000.0,13000000.0,1300000.0,990000.0,83200000.0,,,,,,,,,,,,,
Farmer,Subang,50,Farmer Data,273,8000.0,14000000.0,6000000.0,1840000.0,10400000.0,1040000.0,990000.0,50050000.0,,,,,,,,,,,,,
Farmer,Subang,51,Farmer Data,274,7250.0,12687500.0,1965000.0,725000.0,9425000.0,942500.0,840000.0,69750000.0,,,,,,,,,,,,,
Farmer,Subang,52,Farmer Data,275,5000.0,9000000.0,800000.0,500000.0,6500000.0,700000.0,690000.0,29700000.0,,,,,,,,,,,,,
Farmer,Subang,53,Farmer Data,276,1850.0,3515000.0,500000.0,277500.0,2405000.0,240500.0,377500.0,5400000.0,,,,,,,,,,,,,
Farmer,Subang,54,Farmer Data,277,1600.0,2800000.0,500000.0,240000.0,2080000.0,200000.0,370000.0,14080000.0,,,,,,,,,,,,,
Farmer,Subang,55,Farmer Data,278,1850.0,3237500.0,500000.0,277500.0,2405000.0,185000.0,327500.0,18300000.0,,,,,,,,,,,,,
Farmer,Subang,56,Farmer Data,279,2300.0,4140000.0,500000.0,345000.0,2990000.0,300000.0000000008,510000.0,57500000.0,,,,,,,,,,,,,
Farmer,Subang,57,Farmer Data,280,1700.0,3230000.0,500000.0,255000.0,2210000.0,170000.0,339000.0,11300000.0,,,,,,,,,,,,,
Farmer,Subang,58,Farmer Data,281,5000.0,8750000.0,7000000.0,1150000.0,6500000.0,650000.0,540000.0,43500000.0,,,,,,,,,,,,,
Farmer,Subang,59,Farmer Data,282,8000.0,14000000.0,6000000.0,1840000.0,10400000.0,1040000.0,990000.0,50050000.0,,,,,,,,,,,,,
Farmer,Subang,60,Farmer Data,283,8000.0,14400000.0,6000000.0,1840000.0,10400000.0,1040000.0,990000.0,51700000.0,,,,,,,,,,,,,
Farmer,Subang,61,Farmer Data,284,2000.0,3800000.0,500000.0,200000.0,2600000.0,260000.0,590000.0,67900000.0,,,,,,,,,,,,,
Farmer,Subang,62,Farmer Data,285,10000.0,17500000.0,9250000.0,2300000.0,13000000.0,1300000.0,990000.0,83200000.0,,,,,,,,,,,,,
Farmer,Subang,63,Farmer Data,286,1100.0,1925000.0,500000.0,330000.0,1430000.0,330000.0,520000.0,9900000.0,,,,,,,,,,,,,
Farmer,Subang,64,Farmer Data,287,3000.0,5400000.0,700000.0,690000.0,3900000.0,480000.0,790000.0,24150000.0,,,,,,,,,,,,,
Farmer,Subang,65,Farmer Data,288,5000.0,9500000.0,1000000.0,1150000.0,6500000.0,650000.0,690000.0,31200000.0,,,,,,,,,,,,,
Farmer,Subang,66,Farmer Data,289,5000.0,8750000.0,5500000.0,1150000.0,6500000.0,650000.0,690000.0,44550000.0,,,,,,,,,,,,,
Farmer,Subang,67,Farmer Data,290,3000.0,5250000.0,600000.0,690000.0,3900000.0,390000.0,350000.0,24300000.0,,,,,,,,,,,,,
Farmer,Subang,68,Farmer Data,291,2800.0,5040000.0,500000.0,644000.0,3640000.0,364000.0,330000.0,24150000.0,,,,,,,,,,,,,
Farmer,Subang,69,Farmer Data,292,1200.0,2280000.0,500000.0,120000.0,1560000.0,168000.0,350000.0,9700000.0,,,,,,,,,,,,,
Farmer,Subang,70,Farmer Data,293,2300.0,4025000.0,500000.0,529000.0,2990000.0,299000.0,395000.0,16524492.753623188,,,,,,,,,,,,,
Farmer,Subang,71,Farmer Data,294,1700.0,2975000.0,500000.0,170000.0,2210000.0,221000.0,390000.0,13050000.0,,,,,,,,,,,,,
Farmer,Subang,72,Farmer Data,295,1650.0,2970000.0,500000.0,379500.0,2145000.0,214500.0,380000.0,13050000.0,,,,,,,,,,,,,
Farmer,Subang,73,Farmer Data,296,1800.0,3420000.0,500000.0,414000.0,2340000.0,234000.0,320000.0,15150000.0,,,,,,,,,,,,,
Farmer,Subang,74,Farmer Data,297,4200.0,7350000.0,650000.0,966000.0,5460000.0,546000.0,470000.0,32620000.0,,,,,,,,,,,,,
Farmer,Subang,75,Farmer Data,298,3500.0,6125000.0,700000.0,805000.0,4550000.0,455000.0,400000.0,25250000.0,,,,,,,,,,,,,
Farmer,Subang,76,Farmer Data,299,2600.0,4680000.0,600000.0,598000.0,3380000.0,338000.0,310000.0,20400000.0,,,,,,,,,,,,,
Farmer,Subang,77,Farmer Data,300,5000.0,9500000.0,6000000.0,1150000.0,6500000.0,650000.0,550000.0,38800000.0,,,,,,,,,,,,,
Farmer,Tasikmalaya,1,Farmer Data,304,4200.0,7350000.0,2295000.0,966000.0,5460000.0,546000.0,610000.0,54450000.0,,,,,,,,,,,,,
Farmer,Tasikmalaya,2,Farmer Data,305,3900.0,7020000.0,875000.0,897000.0,5070000.0,507000.0,970000.0,50400000.0,,,,,,,,,,,,,
Farmer,Tasikmalaya,3,Farmer Data,306,3920.0,7448000.0,600000.0,901600.0,5096000.0,509600.0,778000.0,50400000.0,,,,,,,,,,,,,
Farmer,Tasikmalaya,4,Farmer Data,307,2272.0,3976000.0,1200000.0,522560.0,2953600.0,295360.0,417200.0,29700000.0,,,,,,,,,,,,,
Farmer,Tasikmalaya,5,Farmer Data,308,10000.0,18000000.0,4000000.0,1500000.0,13000000.0,1300000.0,1700000.0,59400000.0,,,,,,,,,,,,,
Farmer,Tasikmalaya,6,Farmer Data,309,1680.0,1344000.0,500000.0,386400.0,2184000.0,218400.0,526000.0,23400000.0,,,,,,,,,,,,,
Farmer,Tasikmalaya,7,Farmer Data,310,2100.0,1470000.0,790000.0,483000.0,2730000.0,273000.0,610000.0,27900000.0,,,,,,,,,,,,,
Farmer,Tasikmalaya,8,Farmer Data,311,7000.0,7700000.0,5000000.0,1610000.0,9100000.0,910000.0,1450000.0,94050000.0,,,,,,,,,,,,,
Farmer,Tasikmalaya,9,Farmer Data,312,700.0,770000.0,500000.0,161000.0,910000.0,91000.0,190000.0,3410000.0,,,,,,,,,,,,,
Farmer,Tasikmalaya,10,Farmer Data,313,3850.0,4620000.0,5000000.0,885500.0,5005000.0,500500.0,820000.0,49500000.0,,,,,,,,,,,,,
Farmer,Tasikmalaya,11,Farmer Data,314,1680.0,1680000.0,500000.0,386400.0,2184000.0,218400.0,386000.0,23400000.0,,,,,,,,,,,,,
Farmer,Tasikmalaya,12,Farmer Data,315,4200.0,4620000.0,5000000.0,966000.0,5460000.0,546000.0,890000.0,54450000.0,,,,,,,,,,,,,
Farmer,Tasikmalaya,13,Farmer Data,316,2520.0,2520000.0,500000.0,579600.0,3276000.0,327600.0,292000.0,33300000.0,,,,,,,,,,,,,
Farmer,Tasikmalaya,14,Farmer Data,317,6020.0,6020000.0,5000000.0,1384600.0,7826000.0,782600.0,1254000.0,79200000.0,,,,,,,,,,,,,
Farmer,Tasikmalaya,15,Farmer Data,318,700.0,700000.0,500000.0,161000.0,910000.0,91000.0,190000.0,3305000.0,,,,,,,,,,,,,
Farmer,Tasikmalaya,16,Farmer Data,319,1960.0,1960000.0,500000.0,450800.0,2548000.0,254800.0,442000.0,10100000.0,,,,,,,,,,,,,
Farmer,Tasikmalaya,17,Farmer Data,320,3290.0,2961000.0,560000.0,756700.0,4277000.0,427700.0,1037000.0,42300000.0,,,,,,,,,,,,,
Farmer,Tasikmalaya,18,Farmer Data,321,840.0,1764000.0,500000.0,193200.0,1092000.0,109200.0,213000.0,3690000.0,,,,,,,,,,,,,
Farmer,Tasikmalaya,19,Farmer Data,322,910.0,910000.0,500000.0,209300.0,1183000.0,118300.0,232000.0,12250000.0,,,,,,,,,,,,,
Farmer,Tasikmalaya,20,Farmer Data,323,3500.0,3500000.0,500000.0,805000.0,4550000.0,455000.0,750000.0,16875000.0,,,,,,,,,,,,,
Farmer,Tasikmalaya,21,Farmer Data,324,980.0,980000.0,500000.0,225400.0,1274000.0,127400.0,246000.0,4709000.0,,,,,,,,,,,,,
Farmer,Tasikmalaya,22,Farmer Data,325,1400.0,1400000.0,500000.0,322000.0,1820000.0,182000.0,400000.0,6540000.0,,,,,,,,,,,,,
Farmer,Tasikmalaya,23,Farmer Data,326,2240.0,2240000.0,500000.0,515200.0,2912000.0,291200.0,498000.0,10200000.0,,,,,,,,,,,,,
Farmer,Tasikmalaya,24,Farmer Data,327,1120.0,1120000.0,500000.0,257600.0,1456000.0,145600.0,274000.0,5220000.0,,,,,,,,,,,,,
Farmer,Tasikmalaya,25,Farmer Data,328,880.0,1584000.0,1350000.0,308000.0,1144000.0,114400.0,894000.0,10500000.0,,,,,,,,,,,,,
Farmer,Tasikmalaya,26,Farmer Data,329,3080.0,3080000.0,500000.0,708400.0,4004000.0,400400.0,676000.0,14850000.0,,,,,,,,,,,,,
Farmer,Tasikmalaya,27,Farmer Data,330,3220.0,3220000.0,500000.0,740600.0,4186000.0,418600.0,694000.0,16200000.0,,,,,,,,,,,,,
Farmer,Tasikmalaya,28,Farmer Data,331,2660.0,2660000.0,500000.0,611800.0,3458000.0,345800.0,582000.0,13050000.0,,,,,,,,,,,,,
Farmer,Tasikmalaya,29,Farmer Data,332,2520.0,2520000.0,500000.0,579600.0,3276000.0,327600.0,302000.0,12650000.0,,,,,,,,,,,,,
Farmer,Tasikmalaya,30,Farmer Data,333,2800.0,2800000.0,500000.0,644000.0,3640000.0,364000.0,610000.0,12800000.0,,,,,,,,,,,,,
Farmer,Tasikmalaya,31,Farmer Data,334,1680.0,1680000.0,500000.0,386400.0,2184000.0,218400.0,386000.0,8280000.0,,,,,,,,,,,,,
Farmer,Tasikmalaya,32,Farmer Data,335,840.0,840000.0,500000.0,193200.0,1092000.0,109200.0,218000.0,3564000.0,,,,,,,,,,,,,
Farmer,Tasikmalaya,33,Farmer Data,336,2800.0,2800000.0,500000.0,644000.0,3640000.0,364000.0,610000.0,13500000.0,,,,,,,,,,,,,
Farmer,Tasikmalaya,34,Farmer Data,337,2380.0,2380000.0,500000.0,547400.0,3094000.0,309400.0,526000.0,10800000.0,,,,,,,,,,,,,
Farmer,Tasikmalaya,35,Farmer Data,338,2100.0,2100000.0,500000.0,483000.0,2730000.0,273000.0,470000.0,9900000.0,,,,,,,,,,,,,
Farmer,Tasikmalaya,36,Farmer Data,339,1820.0,1820000.0,500000.0,418600.0,2366000.0,236600.0,409000.0,9300000.0,,,,,,,,,,,,,
Farmer,Tasikmalaya,37,Farmer Data,340,3220.0,3220000.0,500000.0,740600.0,4186000.0,418600.0,694000.0,16200000.0,,,,,,,,,,,,,
Farmer,Tasikmalaya,38,Farmer Data,341,2800.0,2800000.0,500000.0,644000.0,3640000.0,364000.0,600000.0,13500000.0,,,,,,,,,,,,,
Farmer,Tasikmalaya,39,Farmer Data,342,1540.0,2926000.0,442500.0,354200.0,2002000.0,200200.0,421000.0,19800000.0,,,,,,,,,,,,,
Farmer,Tasikmalaya,40,Farmer Data,343,1260.0,2205000.0,3375000.0,289800.0,1638000.0,163800.0,316000.0,7660000.0,,,,,,,,,,,,,
Farmer,Tasikmalaya,41,Farmer Data,344,980.0,1715000.0,337500.0,225400.0,1274000.0,127400.0,386000.0,13050000.0,,,,,,,,,,,,,
Farmer,Tasikmalaya,42,Farmer Data,345,1470.0,2793000.0,3375000.0,338100.0,1911000.0,191100.0,337000.0,17550000.0,,,,,,,,,,,,,
Farmer,Tasikmalaya,43,Farmer Data,346,1680.0,3024000.0,2250000.0,386400.0,2184000.0,218400.0,289999.99999999994,23400000.0,,,,,,,,,,,,,
Farmer,Tasikmalaya,44,Farmer Data,347,1420.0,2698000.0,3375000.0,326600.0,1846000.0,184600.0,332000.0,17550000.0,,,,,,,,,,,,,
Farmer,Tasikmalaya,45,Farmer Data,348,1200.0,2100000.0,2300000.0,276000.0,1560000.0,156000.0,430000.0,16200000.0,,,,,,,,,,,,,
Farmer,Tasikmalaya,46,Farmer Data,349,2100.0,3675000.0,4500000.0,483000.0,2730000.0,273000.0,730000.0,14340000.0,,,,,,,,,,,,,
Farmer,Tasikmalaya,47,Farmer Data,350,770.0,1386000.0,300000.0,177100.0,1001000.0,100100.0,267000.0,4120000.0,,,,,,,,,,,,,
Farmer,Tasikmalaya,48,Farmer Data,351,1540.0,2926000.0,3600000.0,354200.0,2002000.0,200200.0,498000.0,19800000.0,,,,,,,,,,,,,
Farmer,Tasikmalaya,49,Farmer Data,352,1120.0,1960000.0,337500.0,257600.0,1456000.0,145600.0,414000.0,14850000.0,,,,,,,,,,,,,
Farmer,Tasikmalaya,50,Farmer Data,353,1470.0,2572500.0,3825000.0,338100.0,1911000.0,191100.0,439999.9999999995,17550000.0,,,,,,,,,,,,,
Farmer,Tasikmalaya,51,Farmer Data,354,700.0,1260000.0,1125000.0,161000.0,910000.0,91000.0,330000.0,9300000.0,,,,,,,,,,,,,
Farmer,Tasikmalaya,52,Farmer Data,355,950.0,1805000.0,2250000.0,218500.0,1235000.0,123500.0,380000.0,12650000.0,,,,,,,,,,,,,
Farmer,Tasikmalaya,53,Farmer Data,356,1750.0,3062500.0,600000.0,402500.0,2275000.0,227500.0,627500.0,23550000.0,,,,,,,,,,,,,
Farmer,Tasikmalaya,54,Farmer Data,357,2100.0,2100000.0,500000.0,483000.0,2730000.0,273000.0,470000.0,27900000.0,,,,,,,,,,,,,
Farmer,Tasikmalaya,55,Farmer Data,358,2800.0,2800000.0,500000.0,644000.0,3640000.0,364000.0,605000.0,36450000.0,,,,,,,,,,,,,
Farmer,Tasikmalaya,56,Farmer Data,359,6300.0,6300000.0,8400000.0,1449000.0,8190000.0,819000.0,1310000.0,84150000.0,,,,,,,,,,,,,
Farmer,Tasikmalaya,57,Farmer Data,360,1190.0,2082500.0,322500.0,273700.0,1547000.0,154700.0,428000.0,7370000.0,,,,,,,,,,,,,
Farmer,Tasikmalaya,58,Farmer Data,361,1036.0,1864800.0,337500.0,238280.0,1346800.0,134680.0,397200.0,7254000.0,,,,,,,,,,,,,
Farmer,Tasikmalaya,59,Farmer Data,362,1092.0,2074800.0,330000.0,251160.0,1419600.0,141960.0,463000.0,7196000.0,,,,,,,,,,,,,
Farmer,Tasikmalaya,60,Farmer Data,363,3920.0,6860000.0,600000.0,588000.0,5096000.0,509600.0,582000.0,49500000.0,,,,,,,,,,,,,
Farmer,Tasikmalaya,61,Farmer Data,364,910.0,1592500.0,2250000.0,209300.0,1183000.0,118300.0,326500.0,5716000.0,,,,,,,,,,,,,
Farmer,Tasikmalaya,62,Farmer Data,365,1778.0,1955800.0,4650000.0,408940.0,2311400.0,231140.0,989000.0,11200000.0,,,,,,,,,,,,,
Farmer,Tasikmalaya,63,Farmer Data,366,2072.0,7873600.0,660000.0,476560.0,2693600.0,269360.0,1226000.0,14740000.0,,,,,,,,,,,,,
Farmer,Tasikmalaya,64,Farmer Data,367,980.0,1764000.0,2100000.0,225400.0,1274000.0,127400.0,386000.0,13050000.0,,,,,,,,,,,,,
Farmer,Tasikmalaya,65,Farmer Data,368,630.0,1197000.0,220000.0,144900.0,819000.0,81900.0,347500.0,3330000.0,,,,,,,,,,,,,
Farmer,Tasikmalaya,66,Farmer Data,369,1050.0,1837500.0,2400000.0,241500.0,1365000.0,136500.0,362500.0,13950000.0,,,,,,,,,,,,,
Farmer,Tasikmalaya,67,Farmer Data,370,1344.0,2352000.0,3600000.0,309120.0,1747200.0,174720.0,456000.0,17050000.0,,,,,,,,,,,,,
Farmer,Tasikmalaya,68,Farmer Data,371,770.0,1386000.0,255000.0,177100.0,1001000.0,100100.0,127000.0,9900000.0,,,,,,,,,,,,,
Farmer,Tasikmalaya,69,Farmer Data,372,700.0,1330000.0,1700000.0,70000.0,910000.0,91000.0,190000.0,9300000.0,,,,,,,,,,,,,
Farmer,Tasikmalaya,70,Farmer Data,373,1078.0,1886500.0,435000.0,247940.0,1401400.0,140140.0,369500.0,13050000.0,,,,,,,,,,,,,
Farmer,Tasikmalaya,71,Farmer Data,374,1106.0,1935500.0,360000.0,254380.0,1437800.0,143780.0,521800.0,14850000.0,,,,,,,,,,,,,
Farmer,Tasikmalaya,72,Farmer Data,375,1232.0,2217600.0,3300000.0,283360.0,1601600.0,160160.0,559600.0,16200000.0,,,,,,,,,,,,,
Farmer,Tasikmalaya,73,Farmer Data,376,966.0,1835400.0,2550000.0,222180.0,1255800.0,125580.0,383200.0,13050000.0,,,,,,,,,,,,,
Farmer,Tasikmalaya,74,Farmer Data,377,588.0,1029000.0,1200000.0,135240.0,764400.0,76440.0,248800.0,6950000.0,,,,,,,,,,,,,
Farmer,Tasikmalaya,75,Farmer Data,378,924.0,1617000.0,1900000.0,212520.0,1201200.0,120120.0,282400.0,12650000.0,,,,,,,,,,,,,
Farmer,Tasikmalaya,76,Farmer Data,379,1134.0,2041200.0,487500.0,260820.0,1474200.0,147420.0,530200.0,14850000.0,,,,,,,,,,,,,
Farmer,Tasikmalaya,77,Farmer Data,380,1190.0,2261000.0,2000000.0,273700.0,1547000.0,154700.0,368500.0,16200000.0,,,,,,,,,,,,,
Farmer,Tasikmalaya,78,Farmer Data,381,2100.0,3675000.0,950000.0,483000.0,2730000.0,273000.0,410000.0,27900000.0,,,,,,,,,,,,,
Farmer,Tasikmalaya,79,Farmer Data,382,100.0,100000.0,87500.0,23000.0,130000.0,13000.0,250000.0,1620000.0,,,,,,,,,,,,,
Farmer,Tasikmalaya,80,Farmer Data,383,2800.0,5040000.0,1600000.0,644000.0,3640000.0,364000.0,380000.0,36450000.0,,,,,,,,,,,,,
Farmer,Tasikmalaya,81,Farmer Data,384,4200.0,7980000.0,1850000.0,966000.0,5460000.0,546000.0,1040000.0,54450000.0,,,,,,,,,,,,,
Farmer,Tasikmalaya,82,Farmer Data,385,100.0,100000.0,55000.0,23000.0,130000.0,13000.0,250000.0,1620000.0,,,,,,,,,,,,,
Farmer,Tasikmalaya,83,Farmer Data,386,100.0,100000.0,60000.0,23000.0,130000.0,13000.0,250000.0,1620000.0,,,,,,,,,,,,,
Farmer,Tasikmalaya,84,Farmer Data,387,2100.0,1995000.0,1450000.0,483000.0,2730000.0,273000.0,310000.0,27900000.0,,,,,,,,,,,,,
Farmer,Tasikmalaya,85,Farmer Data,388,2800.0,5040000.0,2000000.0,644000.0,3640000.0,364000.0,380000.0,36450000.0,,,,,,,,,,,,,
Farmer,Tasikmalaya,86,Farmer Data,389,3500.0,14700000.0,1600000.0,805000.0,4550000.0,455000.0,275000.0,48150000.0,,,,,,,,,,,,,
Farmer,Tasikmalaya,87,Farmer Data,390,1960.0,3724000.0,1650000.0,450800.0,2548000.0,254800.0,296000.0,24900000.0,,,,,,,,,,,,,
Farmer,Tasikmalaya,88,Farmer Data,391,100.0,100000.0,90000.0,23000.0,130000.0,13000.0,300000.0,1620000.0,,,,,,,,,,,,,
Farmer,Tasikmalaya,89,Farmer Data,392,2100.0,3675000.0,1300000.0,966000.0,2100000.0,273000.0,310000.0,27900000.0,,,,,,,,,,,,,
Farmer,Tasikmalaya,90,Farmer Data,393,100.0,100000.0,65000.0,23000.0,130000.0,13000.0,350000.0,1620000.0,,,,,,,,,,,,,
Farmer,Tasikmalaya,91,Farmer Data,394,2800.0,5320000.0,1600000.0,644000.0,3640000.0,364000.0,380000.0,36450000.0,,,,,,,,,,,,,
Farmer,Tasikmalaya,92,Farmer Data,395,100.0,100000.0,96000.0,23000.0,130000.0,13000.0,300000.0,1620000.0,,,,,,,,,,,,,
Farmer,Tasikmalaya,93,Farmer Data,396,100.0,100000.0,90000.0,23000.0,130000.0,13000.0,350000.0,1620000.0,,,,,,,,,,,,,
Farmer,Tasikmalaya,94,Farmer Data,397,2800.0,5040000.0,1450000.0,644000.0,3640000.0,364000.0,380000.0,36450000.0,,,,,,,,,,,,,
Farmer,Tasikmalaya,95,Farmer Data,398,100.0,100000.0,110000.0,23000.0,130000.0,13000.0,350000.0,1620000.0,,,,,,,,,,,,,
Farmer,Tasikmalaya,96,Farmer Data,399,100.0,100000.0,90000.0,23000.0,130000.0,13000.0,300000.0,1620000.0,,,,,,,,,,,,,
Farmer,Tasikmalaya,97,Farmer Data,400,2380.0,4165000.0,700000.0,547400.0,3094000.0,309400.0,388000.0,32400000.0,,,,,,,,,,,,,
Farmer,Tasikmalaya,98,Farmer Data,401,100.0,100000.0,95000.0,23000.0,130000.0,13000.0,320000.0,1620000.0,,,,,,,,,,,,,
Farmer,Tasikmalaya,99,Farmer Data,402,100.0,100000.0,95000.0,23000.0,130000.0,13000.0,320000.0,1620000.0,,,,,,,,,,,,,
Farmer,Tasikmalaya,100,Farmer Data,403,4200.0,7980000.0,2000000.0,966000.0,5460000.0,546000.0,399999.9999999999,54450000.0,,,,,,,,,,,,,
Farmer,Tasikmalaya,101,Farmer Data,404,100.0,100000.0,90000.0,23000.0,130000.0,13000.0,270000.0,1620000.0,,,,,,,,,,,,,
Farmer,Tasikmalaya,102,Farmer Data,405,100.0,100000.0,92000.0,23000.0,130000.0,13000.0,250000.0,1620000.0,,,,,,,,,,,,,
Farmer,Tasikmalaya,103,Farmer Data,406,2520.0,4536000.0,2045000.0,579600.0,3276000.0,327600.0,352000.0,33300000.0,,,,,,,,,,,,,
Farmer,Tasikmalaya,104,Farmer Data,407,100.0,100000.0,140000.0,23000.0,130000.0,13000.0,350000.0,1620000.0,,,,,,,,,,,,,
Farmer,Tasikmalaya,105,Farmer Data,408,2100.0,3675000.0,895000.0,483000.0,2730000.0,273000.0,400000.0,27900000.0,,,,,,,,,,,,,
Farmer,Tasikmalaya,106,Farmer Data,409,3500.0,6125000.0,2030000.0,805000.0,4550000.0,455000.0,500000.0,48150000.0,,,,,,,,,,,,,
Farmer,Tasikmalaya,107,Farmer Data,410,100.0,100000.0,97000.0,23000.0,130000.0,13000.0,250000.0,1620000.0,,,,,,,,,,,,,
Farmer,Tasikmalaya,108,Farmer Data,411,100.0,100000.0,90000.0,23000.0,130000.0,13000.0,350000.0,1620000.0,,,,,,,,,,,,,
Farmer,Tasikmalaya,109,Farmer Data,412,2800.0,4900000.0,1225000.0,644000.0,3640000.0,364000.0,430000.0,36450000.0,,,,,,,,,,,,,
Farmer,Tasikmalaya,110,Farmer Data,413,2800.0,4900000.0,500000.0,644000.0,3640000.0,364000.0,430000.0,36450000.0,,,,,,,,,,,,,
Rice Miller,Garut,1,Rice Miller Data,2,,,8987594.96676165,,,,,,4.0,330999999.9999998,40000.0,1599538.46153846,387053194.51556003,37440000.0,,,,,,,
Rice Miller,Garut,2,Rice Miller Data,3,,,7190075.97340932,,,,,,5.0,315000000.0,42000.0,1599538.46153846,420000000.0,35000000.0,,,,,,,
Rice Miller,Garut,3,Rice Miller Data,4,,,2000000.0,,,,,,2.0,240000000.0,36000.0,3000000.0,360000000.0,30000000.0,,,,,,,
Rice Miller,Garut,4,Rice Miller Data,5,,,4500000.0,,,,,,2.0,270000000.0,36000.0,6000000.0,360000000.0,30000000.0,,,,,,,
Rice Miller,Garut,5,Rice Miller Data,6,,,8950146.65440015,,,,,,1.0,300000000.0,38412.0,1599538.46153846,384120000.0,31200000.0,,,,,,,
Rice Miller,Garut,6,Rice Miller Data,7,,,3595037.98670466,,,,,,1.0,208000000.0,2400.0,2025000.0,23223191.6709336,20800000.0,,,,,,,
Rice Miller,Garut,7,Rice Miller Data,8,,,3595037.98670466,,,,,,1.0,162000000.0,21000.0,3600000.0,210000000.0,25000000.0,,,,,,,
Rice Miller,Garut,8,Rice Miller Data,9,,,2000000.0,,,,,,4.0,120000000.0,18000.0,3000000.0,180000000.0,15000000.0,,,,,,,
Rice Miller,Garut,9,Rice Miller Data,10,,,3595037.98670466,,,,,,2.0,150000000.0,18000.0,2000000.0,180000000.0,18000000.0,,,,,,,
Rice Miller,Garut,10,Rice Miller Data,11,,,1797518.99335233,,,,,,3.0,138000000.0,16500.0,3000000.0,165000000.0,15600000.0,,,,,,,
Rice Miller,Garut,11,Rice Miller Data,12,,,8950146.65440015,,,,,,1.0,75000000.0,9000.0,540000.0,90000000.0,7800000.0,,,,,,,
Rice Miller,Garut,12,Rice Miller Data,13,,,1797518.99335233,,,,,,1.0,50000000.0,6000.0,1000000.0,60000000.0,8000000.0,,,,,,,
Rice Miller,Garut,13,Rice Miller Data,14,,,8950146.65440015,,,,,,1.0,34200000.0,3900.0,2160000.0,39000000.0,3120000.0,,,,,,,
Rice Miller,Garut,14,Rice Miller Data,15,,,3595037.98670466,,,,,,1.0,24000000.0,3600.0,609000.0,36000000.0,4800000.0,,,,,,,
Rice Miller,Garut,15,Rice Miller Data,16,,,3595037.98670466,,,,,,2.0,20000000.0,3000.0,1599538.46153846,30000000.0,4000000.0,,,,,,,
Rice Miller,Garut,16,Rice Miller Data,17,,,1300000.0,,,,,,1.0,27000000.0,2700.0,1050000.0,27000000.0,2340000.0,,,,,,,
Rice Miller,Garut,17,Rice Miller Data,18,,,8950146.65440015,,,,,,1.0,15750000.0,2100.0,420000.0,21000000.0,1820000.0,,,,,,,
Rice Miller,Garut,18,Rice Miller Data,19,,,1200000.0,,,,,,1.0,15000000.0,1800.0,1599538.46153846,17000000.00000001,2400000.0,,,,,,,
Rice Miller,Garut,19,Rice Miller Data,20,,,8950146.65440015,,,,,,1.0,15000000.0,2100.0,1500000.0,20320292.7120669,1560000.0,,,,,,,
Rice Miller,Garut,20,Rice Miller Data,21,,,8950146.65440015,,,,,,1.0,16500000.0,2100.0,800000.0,21000000.0,1560000.0,,,,,,,
Rice Miller,Garut,21,Rice Miller Data,22,,,3595037.98670466,,,,,,1.0,5000000.0,600.0,150000.0,5400000.0,520000.0,,,,,,,
Rice Miller,Garut,22,Rice Miller Data,23,,,3595037.98670466,,,,,,1.0,5000000.0,600.0,150000.0,5400000.0,520000.0,,,,,,,
Rice Miller,Garut,23,Rice Miller Data,24,,,3595037.98670466,,,,,,1.0,5000000.0,600.0,150000.0,5400000.0,520000.0,,,,,,,
Rice Miller,Garut,24,Rice Miller Data,25,,,3595037.98670466,,,,,,1.0,5000000.0,500.0,150000.0,5000000.0,520000.0,,,,,,,
Rice Miller,Indramayu,1,Rice Miller Data,29,,,17975189.9335233,,,,,,3.0,5000000000.000004,600000.0,1599538.46153846,5400000000.0,468000000.0,,,,,,,
Rice Miller,Indramayu,2,Rice Miller Data,30,,,53925569.8005699,,,,,,5.0,300000000.0,38412.0,1599538.46153846,384120000.0,31200000.0,,,,,,,
Rice Miller,Indramayu,3,Rice Miller Data,31,,,48000000.0,,,,,,4.0,4200000000.0,588000.0,1599538.46153846,5689681959.378733,436800000.0,,,,,,,
Rice Miller,Indramayu,4,Rice Miller Data,32,,,17599999.99999998,,,,,,6.0,1600000000.0,240000.0,1599538.46153846,2322319167.09336,166400000.0,,,,,,,
Rice Miller,Indramayu,5,Rice Miller Data,33,,,7190075.97340932,,,,,,3.0,600000000.0,72000.0,5000000.0,696695750.128008,52000000.0,,,,,,,
Rice Miller,Indramayu,6,Rice Miller Data,34,,,40000000.0,,,,,,4.0,400000000.0,58000.0,1599538.46153846,561227132.047562,8800000.0,,,,,,,
Rice Miller,Indramayu,7,Rice Miller Data,35,,,14380151.94681864,,,,,,2.0,300000000.0,38412.0,1599538.46153846,346947096.7741936,31200000.0,,,,,,,
Rice Miller,Indramayu,8,Rice Miller Data,36,,,44937974.83380825,,,,,,6.0,300000000.0,38412.0,1599538.46153846,371687182.6932923,31200000.0,,,,,,,
Rice Miller,Indramayu,9,Rice Miller Data,37,,,35950379.8670466,,,,,,4.0,310588235.2941174,38412.0,1599538.46153846,326502000.0,31200000.0,,,,,,,
Rice Miller,Indramayu,10,Rice Miller Data,38,,,53925569.8005699,,,,,,5.0,300000000.0,38412.0,1599538.46153846,345708000.0,31200000.0,,,,,,,
Rice Miller,Indramayu,11,Rice Miller Data,39,,,21570227.92022796,,,,,,3.0,338181818.18181837,38412.0,1599538.46153846,343878857.1428571,31200000.0,,,,,,,
Rice Miller,Indramayu,12,Rice Miller Data,40,,,65000000.00000007,,,,,,3.0,300000000.0,38412.0,1599538.46153846,345708000.0,31200000.0,,,,,,,
Rice Miller,Indramayu,13,Rice Miller Data,41,,,40000000.000000045,,,,,,4.0,330000000.0,38412.0,1599538.46153846,345708000.0,31200000.0,,,,,,,
Rice Miller,Indramayu,14,Rice Miller Data,42,,,17975189.9335233,,,,,,4.0,150000000.0,18000.0,1599538.46153846,174173937.532002,15600000.0,,,,,,,
Rice Miller,Indramayu,15,Rice Miller Data,43,,,10000000.0,,,,,,4.0,75000000.0,9000.0,5000000.0,87086968.766001,7800000.0,,,,,,,
Rice Miller,Indramayu,16,Rice Miller Data,44,,,12000000.0,,,,,,3.0,20000000.0,3000.0,5000000.0,29028989.588667,2080000.0,,,,,,,
Rice Miller,Indramayu,17,Rice Miller Data,45,,,4000000.0,,,,,,2.0,20000000.0,2500.0,3200000.0,22500000.0,2080000.0,,,,,,,
Rice Miller,Karawang,1,Rice Miller Data,49,,,8000000.0,,,,,,4.0,667800000.0,72000.0,1500000.0,655200000.0,65520000.0,,,,,,,
Rice Miller,Karawang,2,Rice Miller Data,50,,,24000000.0,,,,,,4.0,550000000.0,60000.0,1599538.46153846,570000000.0,52000000.0,,,,,,,
Rice Miller,Karawang,3,Rice Miller Data,51,,,8987594.96676165,,,,,,2.0,156000000.0,15000.0,1500000.0,142500000.0,15600000.0,,,,,,,
Rice Miller,Karawang,4,Rice Miller Data,52,,,8987594.96676165,,,,,,2.0,153000000.0,15000.0,2000000.0,142500000.0,15600000.0,,,,,,,
Rice Miller,Karawang,5,Rice Miller Data,53,,,8987594.96676165,,,,,,4.0,104000000.0,12000.0,2700000.0,114000000.0,10400000.0,,,,,,,
Rice Miller,Karawang,6,Rice Miller Data,54,,,7190075.97340932,,,,,,2.0,100000000.0,10000.0,2000000.0,90000000.0,10400000.0,,,,,,,
Rice Miller,Karawang,7,Rice Miller Data,55,,,8987594.96676165,,,,,,4.0,106000000.0,11000.0,3000000.0,104500000.0,10400000.0,,,,,,,
Rice Miller,Karawang,8,Rice Miller Data,56,,,10785113.96011398,,,,,,3.0,79500000.0,8000.0,4000000.0,76000000.0,7800000.0,,,,,,,
Rice Miller,Karawang,9,Rice Miller Data,57,,,3500000.0,,,,,,2.0,75000000.0,7500.0,1599538.46153846,72572473.9716675,7800000.0,,,,,,,
Rice Miller,Karawang,10,Rice Miller Data,58,,,8987594.96676165,,,,,,2.0,55000000.0,6000.0,4000000.0,58000000.000000015,5200000.0,,,,,,,
Rice Miller,Karawang,11,Rice Miller Data,59,,,7190075.97340932,,,,,,2.0,53000000.0,5000.0,1599538.46153846,50000000.0,5200000.0,,,,,,,
Rice Miller,Karawang,12,Rice Miller Data,60,,,7190075.97340932,,,,,,2.0,50000000.0,5000.0,1000000.0,47500000.0,5200000.0,,,,,,,
Rice Miller,Karawang,13,Rice Miller Data,61,,,8950146.65440015,,,,,,2.0,25000000.0,2500.0,1500000.0,24190824.657222502,2600000.0,,,,,,,
Rice Miller,Karawang,14,Rice Miller Data,62,,,8987594.96676165,,,,,,2.0,4800000.0,500.0,3000000.0,4500000.0,520000.0,,,,,,,
Rice Miller,Subang,1,Rice Miller Data,66,,,6300000.0,,,,,,3.0,315000000.0,45150.0,800000.0,428925000.0,36400000.0,,,,,,,
Rice Miller,Subang,2,Rice Miller Data,67,,,3000000.0,,,,,,3.0,300000000.0,38412.0,200000.0,371687182.6932923,31200000.0,,,,,,,
Rice Miller,Subang,3,Rice Miller Data,68,,,5499999.99999999,,,,,,3.0,258000000.0,38820.0,500000.0,368790000.0,31200000.0,,,,,,,
Rice Miller,Subang,4,Rice Miller Data,69,,,5000000.0,,,,,,3.0,275000000.0,34760.0,1000000.0,336349226.0340217,28600000.0,,,,,,,
Rice Miller,Subang,5,Rice Miller Data,70,,,6000000.0,,,,,,3.0,250000000.0,31500.0,1599538.46153846,283500000.0,15000000.0,,,,,,,
Rice Miller,Subang,6,Rice Miller Data,71,,,2500000.0,,,,,,2.0,250000000.0,29000.0,2500000.0,280613566.023781,26000000.0,,,,,,,
Rice Miller,Subang,7,Rice Miller Data,72,,,4500000.0,,,,,,2.0,215000000.0,32500.0,500000.0,292500000.0,26000000.0,,,,,,,
Rice Miller,Subang,8,Rice Miller Data,73,,,4500000.0,,,,,,3.0,225000000.0,31000.0,500000.0,299966225.74955904,26000000.0,,,,,,,
Rice Miller,Subang,9,Rice Miller Data,74,,,4500000.0,,,,,,3.0,211500000.0,29469.0,300000.0,285151764.729476,24440000.0,,,,,,,
Rice Miller,Subang,10,Rice Miller Data,75,,,3595037.98670466,,,,,,2.0,225000000.0,28575.0,2000000.0,276501125.8320532,24000000.0,,,,,,,
Rice Miller,Subang,11,Rice Miller Data,76,,,4050000.0,,,,,,3.0,202500000.0,28350.0,250000.0,274323951.6129032,23400000.0,,,,,,,
Rice Miller,Subang,12,Rice Miller Data,77,,,3600000.0,,,,,,2.0,180000000.0,24600.0,400000.0,238037714.6270694,20800000.0,,,,,,,
Rice Miller,Subang,13,Rice Miller Data,78,,,14380151.94681864,,,,,,4.0,200000000.0,24000.0,400000.0,232231916.709336,20800000.0,,,,,,,
Rice Miller,Subang,14,Rice Miller Data,79,,,5392556.98005699,,,,,,4.0,200000000.0,30000.0,1000000.0,290289895.88667,20800000.0,,,,,,,
Rice Miller,Subang,15,Rice Miller Data,80,,,7190075.97340932,,,,,,3.0,171000000.0,24054.0,200000.0,232754438.52193204,19760000.0,,,,,,,
Rice Miller,Subang,16,Rice Miller Data,81,,,2000000.0,,,,,,2.0,157000000.00000015,22050.0,150000.0,213363073.47670245,18200000.0,,,,,,,
Rice Miller,Subang,17,Rice Miller Data,82,,,7190075.97340932,,,,,,2.0,165000000.0,18900.0,500000.0,151200000.0,4000000.0,,,,,,,
Rice Miller,Subang,18,Rice Miller Data,83,,,7190075.97340932,,,,,,3.0,110000000.0,15750.0,500000.0,126000000.0,13000000.0,,,,,,,
Rice Miller,Subang,19,Rice Miller Data,84,,,14380151.94681864,,,,,,1.0,100000000.0,10000.0,500000.0,96763298.62889001,10400000.0,,,,,,,
Rice Miller,Subang,20,Rice Miller Data,85,,,14380151.94681864,,,,,,4.0,100000000.0,10000.0,500000.0,96763298.62889001,6000000.0,,,,,,,
Rice Miller,Subang,21,Rice Miller Data,86,,,21570227.92022796,,,,,,3.0,100800000.0,10000.0,4000000.0,94000000.0,12000000.0,,,,,,,
Rice Miller,Tasikmalaya,1,Rice Miller Data,90,,,3595037.98670466,,,,,,1.0,600000000.0,60000.0,1599538.46153846,600000000.0,62400000.0,,,,,,,
Rice Miller,Tasikmalaya,2,Rice Miller Data,91,,,1797518.99335233,,,,,,2.0,400000000.0,40000.0,1599538.46153846,400000000.0,9600000.0,,,,,,,
Rice Miller,Tasikmalaya,3,Rice Miller Data,92,,,3595037.98670466,,,,,,1.0,400000000.0,52000.0,1599538.46153846,520000000.0,41600000.0,,,,,,,
Rice Miller,Tasikmalaya,4,Rice Miller Data,93,,,1797518.99335233,,,,,,1.0,300000000.0,30000.0,6000000.0,300000000.0,31200000.0,,,,,,,
Rice Miller,Tasikmalaya,5,Rice Miller Data,94,,,1797518.99335233,,,,,,1.0,300000000.0,35000.0,6000000.0,350000000.0,31200000.0,,,,,,,
Rice Miller,Tasikmalaya,6,Rice Miller Data,95,,,1797518.99335233,,,,,,2.0,300000000.0,30000.0,6000000.0,300000000.0,9600000.0,,,,,,,
Rice Miller,Tasikmalaya,7,Rice Miller Data,96,,,5392556.98005699,,,,,,2.0,200000000.0,23000.0,2000000.0,222555586.84644702,9600000.0,,,,,,,
Rice Miller,Tasikmalaya,8,Rice Miller Data,97,,,1797518.99335233,,,,,,1.0,125000000.0,12000.0,1250000.0,120000000.0,4800000.0,,,,,,,
Rice Miller,Tasikmalaya,9,Rice Miller Data,98,,,1797518.99335233,,,,,,1.0,120000000.0,14000.0,1200000.0,140000000.0,4800000.0,,,,,,,
Rice Miller,Tasikmalaya,10,Rice Miller Data,99,,,1797518.99335233,,,,,,1.0,60000000.0,7200.0,600000.0,72000000.0,4800000.0,,,,,,,
Rice Miller,Tasikmalaya,11,Rice Miller Data,100,,,8987594.96676165,,,,,,2.0,56000000.0,6000.0,1200000.0,60000000.0,5000000.0,,,,,,,
Rice Miller,Tasikmalaya,12,Rice Miller Data,101,,,7000000.0,,,,,,2.0,55000000.0,6000.0,2500000.0,59400000.0,5200000.0,,,,,,,
Rice Miller,Tasikmalaya,13,Rice Miller Data,102,,,4200000.0,,,,,,1.0,42500000.0,5800.0,280000.0,63800000.0,1000000.0,,,,,,,
Rice Miller,Tasikmalaya,14,Rice Miller Data,103,,,3000000.0,,,,,,1.0,37500000.0,4500.0,1599538.46153846,43543484.3830005,3900000.0,,,,,,,
Rice Miller,Tasikmalaya,15,Rice Miller Data,104,,,2400000.0,,,,,,1.0,34500000.0,3800.0,500000.0,41040000.0,3900000.0,,,,,,,
Rice Miller,Tasikmalaya,16,Rice Miller Data,105,,,7190075.97340932,,,,,,1.0,25000000.0,3000.0,500000.0,29028989.588667,2600000.0,,,,,,,
Rice Miller,Tasikmalaya,17,Rice Miller Data,106,,,3595037.98670466,,,,,,1.0,28500000.0,3000.0,250000.0,29700000.0,2600000.0,,,,,,,
Rice Miller,Tasikmalaya,18,Rice Miller Data,107,,,1800000.0,,,,,,1.0,23280000.0,2550.0,180000.0,27540000.0,2522000.0,,,,,,,
Rice Miller,Tasikmalaya,19,Rice Miller Data,108,,,3000000.0,,,,,,1.0,21600000.0,2500.0,450000.0,24500000.0,2340000.0,,,,,,,
Rice Miller,Tasikmalaya,20,Rice Miller Data,109,,,1797518.99335233,,,,,,1.0,22400000.0,2500.0,700000.0,24190824.657222502,1500000.0,,,,,,,
Rice Miller,Tasikmalaya,21,Rice Miller Data,110,,,1200000.0,,,,,,1.0,15680000.0,1600.0,200000.0,17440000.0,1800000.0,,,,,,,
Rice Miller,Tasikmalaya,22,Rice Miller Data,111,,,1800000.0,,,,,,1.0,14000000.0,1500.0,350000.0,15000000.0,1456000.0,,,,,,,
Rice Miller,Tasikmalaya,23,Rice Miller Data,112,,,5392556.98005699,,,,,,1.0,12000000.0,2000.0,500000.0,21000000.0,1300000.0,,,,,,,
Rice Miller,Tasikmalaya,24,Rice Miller Data,113,,,2400000.0,,,,,,1.0,12100000.0,1500.0,350000.0,15750000.0,1200000.0,,,,,,,
Rice Miller,Tasikmalaya,25,Rice Miller Data,114,,,8950146.65440015,,,,,,1.0,9000000.0,1000.0,1599538.46153846,9000000.0,1040000.0,,,,,,,
Rice Miller,Tasikmalaya,26,Rice Miller Data,115,,,2500000.0,,,,,,1.0,8099999.999999997,1300.0,500000.0,12579228.821755702,884000.0,,,,,,,
Rice Miller,Tasikmalaya,27,Rice Miller Data,116,,,1797518.99335233,,,,,,1.0,8550000.0,700.0,250000.0,6440000.0,780000.0,,,,,,,
Rice Miller,Tasikmalaya,28,Rice Miller Data,117,,,8950146.65440015,,,,,,1.0,7500000.0,800.0,300000.0,8640000.0,780000.0,,,,,,,
Rice Miller,Tasikmalaya,29,Rice Miller Data,118,,,2000000.0,,,,,,1.0,3000000.0,300.0,300000.0,2902898.9588667,312000.0,,,,,,,
Middlemen,Garut,1,Middlemen Data,2,,,500000.0,,,,,,,,,300000.0,,,700.0,6300000.0,1000000.0,6300000.0,5.0,5.0,
Middlemen,Garut,2,Middlemen Data,3,,,1000000.0,,,,,,,,,300000.0,,,700.0,6300000.0,1000000.0,6300000.0,5.0,5.0,
Middlemen,Garut,3,Middlemen Data,4,,,5035346.79825165,,,,,,,,,1200000.0,,,1000.0,10000000.0,3200000.0,7040000.0,5.0,5.0,
Middlemen,Garut,4,Middlemen Data,5,,,6400000.0,,,,,,,,,180000.0,,,900.0,9000000.0,1100000.0,7920000.0,20.0,10.0,
Middlemen,Garut,5,Middlemen Data,6,,,2400000.0,,,,,,,,,300000.0,,,900.0,7470000.0,1500000.0,8100000.0,5.0,5.0,
Middlemen,Garut,6,Middlemen Data,7,,,2400000.0,,,,,,,,,300888.0,,,900.0,7470000.0,1500000.0,8100000.0,5.0,5.0,
Middlemen,Garut,7,Middlemen Data,8,,,1600000.0,,,,,,,,,300000.0,,,1700.0,17000000.0,1500000.0,13200000.0,5.0,5.0,
Middlemen,Garut,8,Middlemen Data,9,,,7500000.0,,,,,,,,,250000.0,,,1800.0,18000000.0,3200000.0,15840000.0,5.0,2.0,
Middlemen,Garut,9,Middlemen Data,10,,,1600000.0,,,,,,,,,300000.0,,,1800.0,18000000.0,500000.0,15840000.0,5.0,5.0,
Middlemen,Garut,10,Middlemen Data,11,,,6400000.0,,,,,,,,,300000.0,,,1800.0,18000000.0,500000.0,15840000.0,5.0,2.0,
Middlemen,Garut,11,Middlemen Data,12,,,12800000.0,,,,,,,,,300000.0,,,1800.0,18000000.0,3200000.0,15840000.0,5.0,3.0,
Middlemen,Garut,12,Middlemen Data,13,,,10000000.0,,,,,,,,,250000.0,,,3000.0,30000000.0,3200000.0,24640000.0,10.0,5.0,
Middlemen,Garut,13,Middlemen Data,14,,,3200000.0,,,,,,,,,600000.0,,,3300.0,33000000.0,1500000.0,29040000.0,5.0,5.0,
Middlemen,Garut,14,Middlemen Data,15,,,4800000.0,,,,,,,,,800000.0,,,3600.0,34200000.0,3200000.0,31680000.0,5.0,5.0,
Middlemen,Garut,15,Middlemen Data,16,,,10000000.0,,,,,,,,,600000.0,,,3600.0,36000000.0,3200000.0,31680000.0,5.0,2.0,
Middlemen,Garut,16,Middlemen Data,17,,,6400000.0,,,,,,,,,700000.0,,,4200.0,39900000.0,3200000.0,36960000.0,5.0,5.0,
Middlemen,Garut,17,Middlemen Data,18,,,4800000.0,,,,,,,,,800000.0,,,4800.0,48000000.0,2500000.0,42240000.0,5.0,5.0,
Middlemen,Garut,18,Middlemen Data,19,,,1800000.0,,,,,,,,,1500000.0,,,10000.0,83000000.0,3200000.0,88000000.0,0.0,0.0,
Middlemen,Garut,19,Middlemen Data,20,,,2014138.71930066,,,,,,,,,1500000.0,,,10000.0,83000000.0,3200000.0,88000000.0,10.0,10.0,
Middlemen,Garut,20,Middlemen Data,21,,,2100000.0,,,,,,,,,1500000.0,,,10000.0,83000000.0,3200000.0,88000000.0,0.0,0.0,
Middlemen,Garut,21,Middlemen Data,22,,,600000.0,,,,,,,,,100000.0,,,10000.0,83000000.0,3200000.0,88000000.0,5.0,5.0,
Middlemen,Garut,22,Middlemen Data,23,,,1800000.0,,,,,,,,,8000000.0,,,10000.0,83000000.0,1000000.0,88000000.0,5.0,5.0,
Middlemen,Garut,23,Middlemen Data,24,,,5035346.79825165,,,,,,,,,1500000.0,,,10000.0,83000000.0,3200000.0,88000000.0,5.0,5.0,
Middlemen,Garut,24,Middlemen Data,25,,,500000.0,,,,,,,,,50000.0,,,10000.0,83000000.0,3200000.0,88000000.0,5.0,5.0,
Middlemen,Indramayu,1,Middlemen Data,29,,,1500000.0,,,,,,,,,2000000.0,,,9000.0,49500000.0,300000.0,66000000.0,0.0,0.0,
Middlemen,Indramayu,2,Middlemen Data,30,,,5035345.0,,,,,,,,,2000000.0,,,7500.0,62250000.0,3200000.0,66000000.0,0.0,0.0,
Middlemen,Indramayu,3,Middlemen Data,31,,,15106035.0,,,,,,,,,1500000.0,,,10000.0,83000000.0,3200000.0,88000000.0,0.0,0.0,
Middlemen,Indramayu,4,Middlemen Data,32,,,12084828.0,,,,,,,,,1500000.0,,,10000.0,83000000.0,3200000.0,88000000.0,0.0,0.0,
Middlemen,Indramayu,5,Middlemen Data,33,,,7049485.517552311,,,,,,,,,1500000.0,,,10000.0,83000000.0,3200000.0,88000000.0,0.0,0.0,
Middlemen,Indramayu,6,Middlemen Data,34,,,10800000.0,,,,,,,,,1500000.0,,,10000.0,83000000.0,3200000.0,88000000.0,0.0,0.0,
Middlemen,Indramayu,7,Middlemen Data,35,,,8800000.0,,,,,,,,,5000000.0,,,10000.0,83000000.0,3200000.0,88000000.0,0.0,0.0,
Middlemen,Indramayu,8,Middlemen Data,36,,,8056552.0,,,,,,,,,1500000.0,,,10000.0,55000000.0,3200000.0,88000000.0,0.0,0.0,
Middlemen,Indramayu,9,Middlemen Data,37,,,12000000.0,,,,,,,,,5000000.0,,,10000.0,83000000.0,3200000.0,88000000.0,0.0,0.0,
Middlemen,Indramayu,10,Middlemen Data,38,,,5280000.0,,,,,,,,,7000000.0,,,10000.0,83000000.0,3200000.0,88000000.0,0.0,0.0,
Middlemen,Indramayu,11,Middlemen Data,39,,,15000000.0,,,,,,,,,5000000.0,,,10000.0,83000000.0,3200000.0,88000000.0,0.0,0.0,
Middlemen,Indramayu,12,Middlemen Data,40,,,5000000.0,,,,,,,,,500000.0,,,14000.0,77000000.0,3200000.0,103500000.0,0.0,0.0,
Middlemen,Indramayu,13,Middlemen Data,41,,,4800000.0,,,,,,,,,5000000.0,,,20000.0,106000000.0,3200000.0,176000000.0,0.0,0.0,
Middlemen,Indramayu,14,Middlemen Data,42,,,8800000.0,,,,,,,,,10000000.0,,,20000.0,120000000.0,3200000.0,190000000.0,0.0,0.0,
Middlemen,Indramayu,15,Middlemen Data,43,,,6000000.0,,,,,,,,,1500000.0,,,50000.0,270000000.0,3200000.0,440000000.0,0.0,0.0,
Middlemen,Indramayu,16,Middlemen Data,44,,,8400000.0,,,,,,,,,1500000.0,,,120000.0,960000000.0,3200000.0,1056000000.0,0.0,0.0,
Middlemen,Karawang,1,Middlemen Data,48,,,10000000.0,,,,,,,,,1500000.0,,,20000.0,140000000.0,3200000.0,176000000.0,0.0,0.0,
Middlemen,Karawang,2,Middlemen Data,49,,,5000000.0,,,,,,,,,1500000.0,,,2500.0,12450000.0,3200000.0,22500000.0,20.0,20.0,
Middlemen,Karawang,3,Middlemen Data,50,,,5000000.0,,,,,,,,,3000000.0,,,5000.0,41500000.0,3200000.0,45000000.0,0.0,0.0,
Middlemen,Karawang,4,Middlemen Data,51,,,12500000.0,,,,,,,,,1500000.0,,,25000.0,175000000.0,8000000.0,220000000.0,10.0,20.0,
Middlemen,Karawang,5,Middlemen Data,52,,,2700000.0,,,,,,,,,2000000.0,,,4500.0,41400000.0,1500000.0,42750000.0,5.0,10.0,
Middlemen,Karawang,6,Middlemen Data,53,,,12000000.0,,,,,,,,,1500000.0,,,30000.0,225000000.0,7000000.0,264000000.0,0.0,0.0,
Middlemen,Karawang,7,Middlemen Data,54,,,6300000.0,,,,,,,,,1000000.0,,,15000.0,105000000.0,3200000.0,132000000.0,40.0,15.0,
Middlemen,Karawang,8,Middlemen Data,55,,,1800000.0,,,,,,,,,1500000.0,,,3000.0,28500000.0,1500000.0,28500000.0,20.0,40.0,
Middlemen,Karawang,9,Middlemen Data,56,,,900000.0,,,,,,,,,1500000.0,,,1500.0,15000000.0,1000000.0,15000000.0,10.0,20.0,
Middlemen,Karawang,10,Middlemen Data,57,,,8750000.0,,,,,,,,,1500000.0,,,10000.0,70000000.0,3200000.0,88000000.0,20.0,20.0,
Middlemen,Karawang,11,Middlemen Data,58,,,1800000.0,,,,,,,,,1200000.0,,,1500.0,24500000.0,1500000.0,14700000.0,0.0,0.0,
Middlemen,Karawang,12,Middlemen Data,59,,,5000000.0,,,,,,,,,1300000.0,,,10000.0,83000000.0,3200000.0,88000000.0,20.0,20.0,
Middlemen,Karawang,13,Middlemen Data,60,,,1800000.0,,,,,,,,,1000000.0,,,2000.0,19600000.0,1900000.0,19600000.0,20.0,20.0,
Middlemen,Karawang,14,Middlemen Data,61,,,5000000.0,,,,,,,,,300000.0,,,10000.0,75000000.0,3200000.0,88000000.0,20.0,40.0,
Middlemen,Subang,1,Middlemen Data,65,,,6400000.0,,,,,,,,,100000.0,,,4000.0,40000000.0,3200000.0,33440000.0,0.0,0.0,
Middlemen,Subang,2,Middlemen Data,66,,,4000000.0,,,,,,,,,500000.0,,,5000.0,35000000.0,3200000.0,38400000.0,40.0,35.0,
Middlemen,Subang,3,Middlemen Data,67,,,3600000.0,,,,,,,,,1300000.0,,,5000.0,34000000.0,3200000.0,40800000.0,50.0,50.0,
Middlemen,Subang,4,Middlemen Data,68,,,4900000.0,,,,,,,,,2500000.0,,,10000.0,70000000.0,3200000.0,68600000.0,50.0,50.0,
Middlemen,Subang,5,Middlemen Data,69,,,7200000.0,,,,,,,,,1000000.0,,,10000.0,83000000.0,3200000.0,88000000.0,0.0,0.0,
Middlemen,Subang,6,Middlemen Data,70,,,6400000.0,,,,,,,,,500000.0,,,10000.0,83000000.0,20000000.0,88000000.0,0.0,0.0,
Middlemen,Subang,7,Middlemen Data,71,,,6000000.0,,,,,,,,,3000000.0,,,10000.0,83000000.0,7000000.0,88000000.0,0.0,0.0,
Middlemen,Subang,8,Middlemen Data,72,,,6000000.0,,,,,,,,,500000.0,,,10000.0,50000000.0,3200000.0,88200000.0,40.0,40.0,
Middlemen,Subang,9,Middlemen Data,73,,,4500000.0,,,,,,,,,500000.0,,,10000.0,70000000.0,3200000.0,93100000.0,40.0,45.0,
Middlemen,Subang,10,Middlemen Data,74,,,3000000.0,,,,,,,,,2000000.0,,,12000.0,90000000.0,3500000.0,100300000.0,30.0,30.0,
Middlemen,Subang,11,Middlemen Data,75,,,6500000.0,,,,,,,,,700000.0,,,15000.0,105000000.0,3200000.0,130240000.0,35.0,40.0,
Middlemen,Subang,12,Middlemen Data,76,,,7500000.0,,,,,,,,,800000.0,,,15000.0,105000000.0,3200000.0,140600000.0,35.0,35.0,
Middlemen,Subang,13,Middlemen Data,77,,,2000000.0,,,,,,,,,500000.0,,,20000.0,166000000.0,3200000.0,148500000.0,50.0,50.0,
Middlemen,Subang,14,Middlemen Data,78,,,6500000.0,,,,,,,,,800000.0,,,20000.0,140000000.0,3200000.0,188100000.0,30.0,30.0,
Middlemen,Subang,15,Middlemen Data,79,,,3500000.0,,,,,,,,,1000000.0,,,25000.0,175000000.0,3200000.0,223200000.0,35.0,40.0,
Middlemen,Subang,16,Middlemen Data,80,,,7500000.0,,,,,,,,,750000.0,,,25000.0,175000000.0,3200000.0,223200000.0,30.0,30.0,
Middlemen,Subang,17,Middlemen Data,81,,,6000000.0,,,,,,,,,700000.0,,,30000.0,210000000.0,3200000.0,238400000.0,50.0,50.0,
Middlemen,Subang,18,Middlemen Data,82,,,10000000.0,,,,,,,,,8000000.0,,,31500.0,261450000.0,1200000.0,277200000.0,50.0,50.0,
Middlemen,Subang,19,Middlemen Data,83,,,10500000.0,,,,,,,,,1000000.0,,,30000.0,150000000.0,3200000.0,283100000.0,35.0,35.0,
Middlemen,Subang,20,Middlemen Data,84,,,12000000.0,,,,,,,,,800000.0,,,35000.0,245000000.0,3200000.0,313200000.0,40.0,40.0,
Middlemen,Subang,21,Middlemen Data,85,,,12500000.0,,,,,,,,,1500000.0,,,50000.0,250000000.0,3200000.0,448200000.0,40.0,40.0,
Middlemen,Tasikmalaya,1,Middlemen Data,89,,,3000000.0,,,,,,,,,850000.0,,,750.0,6225000.0,1100000.0,5896000.0,35.0,45.0,
Middlemen,Tasikmalaya,2,Middlemen Data,90,,,1007069.35965033,,,,,,,,,500000.0,,,1000.0,8900000.0,1500000.0,9000000.0,15.0,20.0,
Middlemen,Tasikmalaya,3,Middlemen Data,91,,,2014138.71930066,,,,,,,,,1000000.0,,,1000.0,9200000.0,1500000.0,9500000.0,40.0,40.0,
Middlemen,Tasikmalaya,4,Middlemen Data,92,,,2560000.0,,,,,,,,,500000.0,,,1200.0,11760000.0,2000000.0,10560000.0,11.0,11.0,
Middlemen,Tasikmalaya,5,Middlemen Data,93,,,2014138.71930066,,,,,,,,,1500000.0,,,1500.0,14250000.0,1500000.0,11440000.0,20.0,25.0,
Middlemen,Tasikmalaya,6,Middlemen Data,94,,,2100000.0,,,,,,,,,550000.0,,,1500.0,14700000.0,3200000.0,13024000.0,12.0,6.0,
Middlemen,Tasikmalaya,7,Middlemen Data,95,,,1007069.35965033,,,,,,,,,700000.0,,,2000.0,19600000.0,1000000.0,13200000.0,15.0,15.0,
Middlemen,Tasikmalaya,8,Middlemen Data,96,,,2000000.0,,,,,,,,,300000.0,,,2000.0,19200000.0,1000000.0,13200000.0,5.0,5.0,
Middlemen,Tasikmalaya,9,Middlemen Data,97,,,5035346.79825165,,,,,,,,,350000.0,,,2000.0,17400000.0,2000000.0,17100000.0,11.0,13.0,
Middlemen,Tasikmalaya,10,Middlemen Data,98,,,10800000.0,,,,,,,,,350000.0,,,2200.0,18260000.0,3200000.0,17600000.0,30.0,25.0,
Middlemen,Tasikmalaya,11,Middlemen Data,99,,,3021208.07895099,,,,,,,,,1200000.0,,,2400.0,23520000.0,3200000.0,20680000.0,5.0,7.0,
Middlemen,Tasikmalaya,12,Middlemen Data,100,,,12000000.0,,,,,,,,,750000.0,,,2700.0,25650000.0,3200000.0,22880000.0,25.0,20.0,
Middlemen,Tasikmalaya,13,Middlemen Data,101,,,4000000.0,,,,,,,,,1200000.0,,,3250.0,26975000.0,3200000.0,25080000.0,25.0,30.0,
Middlemen,Tasikmalaya,14,Middlemen Data,102,,,1800000.0,,,,,,,,,1500000.0,,,3600.0,34560000.0,3200000.0,31680000.0,11.0,14.0,
Middlemen,Tasikmalaya,15,Middlemen Data,103,,,1007069.35965033,,,,,,,,,500000.0,,,4000.0,38400000.0,1500000.0,33440000.0,5.0,5.0,
Middlemen,Tasikmalaya,16,Middlemen Data,104,,,1007069.35965033,,,,,,,,,50000.0,,,4000.0,39200000.0,1000000.0,33440000.0,10.0,15.0,
Middlemen,Tasikmalaya,17,Middlemen Data,105,,,2100000.0,,,,,,,,,250000.0,,,3800.0,37240000.0,1500000.0,33440000.0,5.0,6.0,
Middlemen,Tasikmalaya,18,Middlemen Data,106,,,2014138.71930066,,,,,,,,,750000.0,,,4200.0,41160000.0,3200000.0,36080000.0,15.0,10.0,
Middlemen,Tasikmalaya,19,Middlemen Data,107,,,7200000.0,,,,,,,,,1100000.0,,,4500.0,37350000.0,3200000.0,37840000.0,23.0,42.0,
Middlemen,Tasikmalaya,20,Middlemen Data,108,,,5035345.0,,,,,,,,,1500000.0,,,6000.0,57000000.0,3200000.0,52800000.0,12.0,14.0,
Middlemen,Tasikmalaya,21,Middlemen Data,109,,,3600000.0,,,,,,,,,300000.0,,,10000.0,83000000.0,500000.0,88000000.0,15.0,17.0,
Middlemen,Tasikmalaya,22,Middlemen Data,110,,,3021208.07895099,,,,,,,,,6000000.0,,,10000.0,83000000.0,2000000.0,88000000.0,14.0,16.0,
Middlemen,Tasikmalaya,23,Middlemen Data,111,,,5035346.79825165,,,,,,,,,3000000.0,,,10000.0,83000000.0,8000000.0,88000000.0,12.0,18.0,
Middlemen,Tasikmalaya,24,Middlemen Data,112,,,1007069.35965033,,,,,,,,,1250000.0,,,10000.0,83000000.0,2000000.0,88000000.0,13.0,15.0,
Middlemen,Tasikmalaya,25,Middlemen Data,113,,,1007069.35965033,,,,,,,,,600000.0,,,10000.0,83000000.0,1000000.0,88000000.0,20.0,15.0,
Middlemen,Tasikmalaya,26,Middlemen Data,114,,,5000000.0,,,,,,,,,1000000.0,,,10000.0,83000000.0,1000000.0,88000000.0,40.0,40.0,
Middlemen,Tasikmalaya,27,Middlemen Data,115,,,1100000.0,,,,,,,,,280000.0,,,10000.0,83000000.0,2000000.0,88000000.0,12.0,15.0,
Middlemen,Tasikmalaya,28,Middlemen Data,116,,,2400000.0,,,,,,,,,200000.0,,,10000.0,83000000.0,2000000.0,98000000.0,10.0,13.0,
Middlemen,Tasikmalaya,29,Middlemen Data,117,,,6000000.0,,,,,,,,,6500000.0,,,40000.0,332001481.4814816,3200000.0,350240000.0,45.0,30.0,
Wholesaler,Garut,1,Wholesaler Data,2,,,4500000.0,,,,,,,,,1000000.0,,,,,32500000.0,100000000.0,,5.0,80000000.0
Wholesaler,Garut,2,Wholesaler Data,3,,,600000.0,,,,,,,,,600000.0,,,,,10000000.0,9000000.0,,5.0,9000000.0
Wholesaler,Garut,3,Wholesaler Data,4,,,600000.0,,,,,,,,,600000.0,,,,,10000000.0,9000000.0,,5.0,9000000.0
Wholesaler,Garut,4,Wholesaler Data,5,,,1000000.0,,,,,,,,,7000000.0,,,,,10000000.0,15999999.99999999,,5.0,15999999.99999999
Wholesaler,Garut,5,Wholesaler Data,6,,,8000000.0,,,,,,,,,2000000.0,,,,,4000000.0,27500000.0,,0.0,114000000.0
Wholesaler,Garut,6,Wholesaler Data,7,,,8000000.0,,,,,,,,,1000000.0,,,,,4000000.0,30000000.0,,5.0,27000000.0
Wholesaler,Garut,7,Wholesaler Data,8,,,4200000.0,,,,,,,,,3000000.0,,,,,15000000.0,40000000.0,,5.0,360000000.0
Wholesaler,Garut,8,Wholesaler Data,9,,,4000000.0,,,,,,,,,600000.0,,,,,1500000.0,66000000.0,,5.0,60000000.0
Wholesaler,Garut,9,Wholesaler Data,10,,,8000000.0,,,,,,,,,3000000.0,,,,,4000000.0,80500000.0,,5.0,66500000.0
Wholesaler,Garut,10,Wholesaler Data,11,,,7200000.0,,,,,,,,,5000000.0,,,,,1500000.0,90000000.0,,5.0,76500000.0
Wholesaler,Garut,11,Wholesaler Data,12,,,8000000.0,,,,,,,,,2000000.0,,,,,4000000.0,99000000.0,,20.0,114000000.0
Wholesaler,Garut,12,Wholesaler Data,13,,,4500000.0,,,,,,,,,1000000.0,,,,,1500000.0,99999999.99999991,,5.0,90000000.0
Wholesaler,Garut,13,Wholesaler Data,14,,,5000000.0,,,,,,,,,600000.0,,,,,4000000.0,115000000.0,,5.0,95000000.0
Wholesaler,Garut,14,Wholesaler Data,15,,,7000000.0,,,,,,,,,5000000.0,,,,,1500000.0,157500000.0,,5.0,150000000.0
Wholesaler,Garut,15,Wholesaler Data,16,,,8000000.0,,,,,,,,,2000000.0,,,,,4000000.0,165000000.0,,10.0,171000000.0
Wholesaler,Garut,16,Wholesaler Data,17,,,8000000.0,,,,,,,,,2000000.0,,,,,5000000.0,180000000.0,,20.0,90000000.0
Wholesaler,Garut,17,Wholesaler Data,18,,,8000000.0,,,,,,,,,1000000.0,,,,,4000000.0,207000000.0,,5.0,171000000.0
Wholesaler,Garut,18,Wholesaler Data,19,,,5000000.0,,,,,,,,,7000000.0,,,,,10000000.0,400000000.0,,5.0,300000000.0
Wholesaler,Garut,19,Wholesaler Data,20,,,8000000.0,,,,,,,,,5000000.0,,,,,6000000.0,550000000.0,,5.0,500000000.0
Wholesaler,Garut,20,Wholesaler Data,21,,,8000000.0,,,,,,,,,2000000.0,,,,,4000000.0,185400000.0,,0.0,20000000.0
Wholesaler,Garut,21,Wholesaler Data,22,,,8000000.0,,,,,,,,,2000000.0,,,,,4000000.0,49500000.0,,0.0,45000000.0
Wholesaler,Garut,22,Wholesaler Data,23,,,8000000.0,,,,,,,,,3000000.0,,,,,4000000.0,88000000.0,,5.0,80000000.0
Wholesaler,Garut,23,Wholesaler Data,24,,,8000000.0,,,,,,,,,1350000.0,,,,,4000000.0,49500000.0,,10.0,45000000.0
Wholesaler,Garut,24,Wholesaler Data,25,,,8000000.0,,,,,,,,,1000000.0,,,,,4000000.0,88000000.0,,5.0,80000000.0
Wholesaler,Garut,25,Wholesaler Data,26,,,8000000.0,,,,,,,,,2000000.0,,,,,4000000.0,36000000.0,,1.0,114000000.0
Wholesaler,Indramayu,1,Wholesaler Data,30,,,3000000.0,,,,,,,,,2000000.0,,,,,8000000.0,150000000.0,,0.0,114000000.0
Wholesaler,Indramayu,2,Wholesaler Data,31,,,8000000.0,,,,,,,,,6000000.0,,,,,4000000.0,180000000.0,,0.0,114000000.0
Wholesaler,Indramayu,3,Wholesaler Data,32,,,20000000.0,,,,,,,,,5000000.0,,,,,4000000.0,760000000.0,,0.0,114000000.0
Wholesaler,Indramayu,4,Wholesaler Data,33,,,24000000.0,,,,,,,,,5000000.0,,,,,30000000.0,180000000.0,,0.0,114000000.0
Wholesaler,Indramayu,5,Wholesaler Data,34,,,18000000.0,,,,,,,,,20000000.0,,,,,4000000.0,180000000.0,,0.0,114000000.0
Wholesaler,Indramayu,6,Wholesaler Data,35,,,6160000.0,,,,,,,,,30000000.0,,,,,4000000.0,180000000.0,,0.0,114000000.0
Wholesaler,Indramayu,7,Wholesaler Data,36,,,6000000.0,,,,,,,,,12000000.0,,,,,12000000.0,396000000.0,,0.0,340000000.00000024
Wholesaler,Indramayu,8,Wholesaler Data,37,,,12000000.0,,,,,,,,,10000000.0,,,,,4000000.0,897600000.0,,0.0,114000000.0
Wholesaler,Indramayu,9,Wholesaler Data,38,,,10000000.0,,,,,,,,,5000000.0,,,,,2000000.0,1320000000.0,,0.0,1080000000.0
Wholesaler,Indramayu,10,Wholesaler Data,39,,,12000000.0,,,,,,,,,15000000.0,,,,,5000000.0,1980000000.0,,0.0,1620000000.0
Wholesaler,Indramayu,11,Wholesaler Data,40,,,12000000.0,,,,,,,,,10000000.0,,,,,4000000.0,2640000000.0,,0.0,2160000000.0
Wholesaler,Indramayu,12,Wholesaler Data,41,,,5000000.0,,,,,,,,,15000000.0,,,,,12000000.0,3960000000.0,,0.0,3240000000.0
Wholesaler,Indramayu,13,Wholesaler Data,42,,,8000000.0,,,,,,,,,5000000.0,,,,,4000000.0,5292000000.0,,0.0,114000000.0
Wholesaler,Indramayu,14,Wholesaler Data,43,,,8000000.0,,,,,,,,,15000000.0,,,,,36000000.0,8200000000.000008,,0.0,6480000000.0
Wholesaler,Indramayu,15,Wholesaler Data,44,,,17000000.0,,,,,,,,,175000000.0,,,,,20000000.0,10500000000.0,,10.0,8000000000.0
Wholesaler,Indramayu,16,Wholesaler Data,45,,,10000000.0,,,,,,,,,3000000.0,,,,,4000000.0,225000000.0,,0.0,114000000.0
Wholesaler,Karawang,1,Wholesaler Data,49,,,8000000.0,,,,,,,,,1500000.0,,,,,4000000.0,200000000.0,,5.0,190000000.0
Wholesaler,Karawang,2,Wholesaler Data,50,,,8000000.0,,,,,,,,,800000.0,,,,,4000000.0,200000000.0,,0.0,186000000.0
Wholesaler,Karawang,3,Wholesaler Data,51,,,2000000.0,,,,,,,,,6000000.0,,,,,20000000.0,720000000.0,,10.0,712500000.0
Wholesaler,Karawang,4,Wholesaler Data,52,,,8000000.0,,,,,,,,,1500000.0,,,,,1500000.0,150000000.0,,10.0,142500000.0
Wholesaler,Karawang,5,Wholesaler Data,53,,,8000000.0,,,,,,,,,6700000.0,,,,,22000000.0,380000000.0,,0.0,360000000.0
Wholesaler,Karawang,6,Wholesaler Data,54,,,10800000.0,,,,,,,,,15000000.0,,,,,3000000.0,1692000000.0,,30.0,114000000.0
Wholesaler,Karawang,7,Wholesaler Data,55,,,3000000.0,,,,,,,,,1500000.0,,,,,4000000.0,500000000.0,,5.0,475000000.0
Wholesaler,Karawang,8,Wholesaler Data,56,,,8000000.0,,,,,,,,,4000000.0,,,,,4000000.0,228000000.0,,10.0,114000000.0
Wholesaler,Karawang,9,Wholesaler Data,57,,,2000000.0,,,,,,,,,5000000.0,,,,,4000000.0,199500000.0,,0.0,184800000.0
Wholesaler,Karawang,10,Wholesaler Data,58,,,2400000.0,,,,,,,,,5000000.0,,,,,4000000.0,291000000.0,,0.0,285000000.0
Wholesaler,Karawang,11,Wholesaler Data,59,,,8000000.0,,,,,,,,,3000000.0,,,,,4000000.0,190000000.0,,0.0,186000000.0
Wholesaler,Karawang,12,Wholesaler Data,60,,,8000000.0,,,,,,,,,1500000.0,,,,,4000000.0,144000000.0,,40.0,90000000.0
Wholesaler,Karawang,13,Wholesaler Data,61,,,8000000.0,,,,,,,,,800000.0,,,,,4000000.0,100000000.0,,0.0,95000000.0
Wholesaler,Karawang,14,Wholesaler Data,62,,,2000000.0,,,,,,,,,6000000.0,,,,,10000000.0,180000000.0,,10.0,712500000.0
Wholesaler,Subang,1,Wholesaler Data,66,,,6000000.0,,,,,,,,,1500000.0,,,,,6000000.0,280000000.0,,35.0,175000000.0
Wholesaler,Subang,2,Wholesaler Data,67,,,5400000.0,,,,,,,,,500000.0,,,,,4500000.0,215000000.0,,50.0,105000000.0
Wholesaler,Subang,3,Wholesaler Data,68,,,6000000.0,,,,,,,,,1000000.0,,,,,3750000.0,152000000.0,,40.0,105000000.0
Wholesaler,Subang,4,Wholesaler Data,69,,,5400000.0,,,,,,,,,1000000.0,,,,,3750000.0,114000000.0,,40.0,65000000.0
Wholesaler,Subang,5,Wholesaler Data,70,,,14500000.0,,,,,,,,,10000000.0,,,,,6000000.0,692550000.0,,45.0,420000000.0
Wholesaler,Subang,6,Wholesaler Data,71,,,10800000.0,,,,,,,,,1000000.0,,,,,6000000.0,381300000.0,,40.0,280000000.0
Wholesaler,Subang,7,Wholesaler Data,72,,,7200000.0,,,,,,,,,1500000.0,,,,,6000000.0,120000000.0,,40.0,70000000.0
Wholesaler,Subang,8,Wholesaler Data,73,,,7000000.0,,,,,,,,,5000000.0,,,,,5500000.0,311600000.0,,40.0,162500000.0
Wholesaler,Subang,9,Wholesaler Data,74,,,10500000.0,,,,,,,,,2000000.0,,,,,4000000.0,180000000.0,,40.0,283500000.0
Wholesaler,Subang,10,Wholesaler Data,75,,,13000000.0,,,,,,,,,7000000.0,,,,,6000000.0,547500000.0,,35.0,315000000.0
Wholesaler,Subang,11,Wholesaler Data,76,,,1500000.0,,,,,,,,,3000000.0,,,,,3300000.0,107350000.0,,35.0,40000000.0
Wholesaler,Subang,12,Wholesaler Data,77,,,1000000.0,,,,,,,,,500000.0,,,,,3000000.0,93300000.0,,35.0,21000000.0
Wholesaler,Subang,13,Wholesaler Data,78,,,2500000.0,,,,,,,,,3000000.0,,,,,5000000.0,18000000.0,,5.0,114000000.0
Wholesaler,Subang,14,Wholesaler Data,79,,,200000.0,,,,,,,,,200000.0,,,,,3750000.0,61182000.0,,50.0,21000000.0
Wholesaler,Subang,15,Wholesaler Data,80,,,2500000.0,,,,,,,,,30000000.0,,,,,5000000.0,135000000.0,,10.0,112500000.0
Wholesaler,Subang,16,Wholesaler Data,81,,,5000000.0,,,,,,,,,1500000.0,,,,,4000000.0,180000000.0,,50.0,84000000.0
Wholesaler,Subang,17,Wholesaler Data,82,,,8000000.0,,,,,,,,,3000000.0,,,,,4000000.0,180000000.0,,5.0,114000000.0
Wholesaler,Subang,18,Wholesaler Data,83,,,1000000.0,,,,,,,,,2000000.0,,,,,2500000.0,300000000.0,,5.0,114000000.0
Wholesaler,Subang,19,Wholesaler Data,84,,,1400000.0,,,,,,,,,1500000.0,,,,,5000000.0,405000000.0,,50.0,140000000.0
Wholesaler,Subang,20,Wholesaler Data,85,,,3000000.0,,,,,,,,,2000000.0,,,,,8000000.0,540000000.0,,50.0,135000000.0
Wholesaler,Subang,21,Wholesaler Data,86,,,2000000.0,,,,,,,,,500000.0,,,,,3600000.0,49185000.0,,35.0,17000000.0
Retail,Garut,1,Retail Data,2,,,3000000.0,,,,,,,,,150000.0,,,,,200000.0,1750000.0,,0.05,1375000.0
Retail,Garut,2,Retail Data,3,,,3000000.0,,,,,,,,,200000.0,,,,,200000.0,3500000.0,,0.05,2700000.0
Retail,Garut,3,Retail Data,4,,,3000000.0,,,,,,,,,200000.0,,,,,200000.0,3500000.0,,0.05,2700000.0
Retail,Garut,4,Retail Data,5,,,3000000.0,,,,,,,,,30000.0,,,,,200000.0,3000000.0,,0.1,2695000.0
Retail,Garut,5,Retail Data,6,,,3000000.0,,,,,,,,,300000.0,,,,,200000.0,3500000.0,,0.05,2612500.0
Retail,Garut,6,Retail Data,7,,,3000000.0,,,,,,,,,100000.0,,,,,200000.0,3000000.0,,0.1,2450000.0
Retail,Garut,7,Retail Data,8,,,500000.00000000105,,,,,,,,,150000.0,,,,,200000.0,3000000.0,,0.05,1960000.0
Retail,Garut,8,Retail Data,9,,,1500000.0,,,,,,,,,300000.0,,,,,100000.0,3500000.0,,0.05,2700000.0
Retail,Garut,9,Retail Data,10,,,1500000.0,,,,,,,,,300000.0,,,,,100000.0,3000000.0,,0.05,2695000.0
Retail,Garut,10,Retail Data,11,,,3000000.0,,,,,,,,,150000.0,,,,,200000.0,3000000.0,,0.05,1980000.0
Retail,Garut,11,Retail Data,12,,,1500000.0,,,,,,,,,300000.0,,,,,100000.0,3500000.0,,0.05,2700000.0
Retail,Garut,12,Retail Data,13,,,1500000.0,,,,,,,,,300000.0,,,,,150000.0,3000000.0,,0.05,2612500.0
Retail,Garut,13,Retail Data,14,,,1500000.0,,,,,,,,,300000.0,,,,,100000.0,3600000.0,,0.05,2700000.0
Retail,Garut,14,Retail Data,15,,,200000.0,,,,,,,,,200000.0,,,,,100000.0,3000000.0,,0.05,2450000.0
Retail,Garut,15,Retail Data,16,,,3000000.0,,,,,,,,,40000.0,,,,,200000.0,3000000.0,,0.05,2695000.0
Retail,Garut,16,Retail Data,17,,,3500000.0,,,,,,,,,200000.0,,,,,150000.0,3500000.0,,0.05,2475000.0
Retail,Garut,17,Retail Data,18,,,3500000.0,,,,,,,,,100000.0,,,,,100000.0,3500000.0,,0.05,2695000.0
Retail,Garut,18,Retail Data,19,,,3000000.0,,,,,,,,,300000.0,,,,,200000.0,3500000.0,,0.05,2612500.0
Retail,Garut,19,Retail Data,20,,,1000000.0,,,,,,,,,150000.0,,,,,100000.0,3000000.0,,0.05,2695000.0
Retail,Garut,20,Retail Data,21,,,3000000.0,,,,,,,,,300000.0,,,,,200000.0,3500000.0,,0.05,1900000.0
Retail,Garut,21,Retail Data,22,,,3500000.0,,,,,,,,,300000.0,,,,,100000.0,3000000.0,,0.05,2695000.0
Retail,Garut,22,Retail Data,23,,,3500000.0,,,,,,,,,300000.0,,,,,100000.0,3600000.0,,0.05,2700000.0
Retail,Garut,23,Retail Data,24,,,3000000.0,,,,,,,,,100000.0,,,,,200000.0,3500000.0,,0.05,2612500.0
Retail,Indramayu,1,Retail Data,28,,,3000000.0,,,,,,,,,300000.0,,,,,200000.0,2500000.0,,0.1,2250000.0
Retail,Indramayu,2,Retail Data,29,,,1000000.0,,,,,,,,,300000.0,,,,,200000.0,1800000.0,,0.05,2475000.0
Retail,Indramayu,3,Retail Data,30,,,3000000.0,,,,,,,,,150000.0,,,,,200000.0,3500000.0,,0.05,2612500.0
Retail,Indramayu,4,Retail Data,31,,,3000000.0,,,,,,,,,200000.0,,,,,200000.0,2500000.0,,0.05,2450000.0
Retail,Indramayu,5,Retail Data,32,,,3000000.0,,,,,,,,,200000.0,,,,,200000.0,3500000.0,,0.05,1960000.0
Retail,Indramayu,6,Retail Data,33,,,3000000.0,,,,,,,,,200000.0,,,,,200000.0,3000000.0,,0.1,2695000.0
Retail,Indramayu,7,Retail Data,34,,,3000000.0,,,,,,,,,200000.0,,,,,100000.0,2500000.0,,0.15,1960000.0
Retail,Indramayu,8,Retail Data,35,,,3000000.0,,,,,,,,,72000.0,,,,,50000.0,700000.0,,0.05,585000.0
Retail,Indramayu,9,Retail Data,36,,,3000000.0,,,,,,,,,72000.0,,,,,200000.0,2232000.0,,0.05,1880000.0
Retail,Indramayu,10,Retail Data,37,,,3000000.0,,,,,,,,,200000.0,,,,,200000.0,2500000.0,,0.05,2695000.0
Retail,Indramayu,11,Retail Data,38,,,3000000.0,,,,,,,,,200000.0,,,,,480000.0,3000000.0,,0.1,2695000.0
Retail,Indramayu,12,Retail Data,39,,,4500000.0,,,,,,,,,400000.0,,,,,200000.0,3500000.0,,0.3,2695000.0
Retail,Indramayu,13,Retail Data,40,,,4000000.0,,,,,,,,,200000.0,,,,,100000.0,3600000.0,,0.05,2695000.0
Retail,Indramayu,14,Retail Data,41,,,2000000.0,,,,,,,,,400000.0,,,,,250000.0,3000000.0,,0.05,2475000.0
Retail,Indramayu,15,Retail Data,42,,,3000000.0,,,,,,,,,200000.0,,,,,200000.0,3500000.0,,0.05,2695000.0
Retail,Indramayu,16,Retail Data,43,,,4000000.0,,,,,,,,,200000.0,,,,,200000.0,3000000.0,,0.05,1900000.0
Retail,Karawang,1,Retail Data,47,,,3000000.0,,,,,,,,,50000.0,,,,,150000.0,1900000.0,,0.1,1900000.0
Retail,Karawang,2,Retail Data,48,,,3000000.0,,,,,,,,,100000.0,,,,,200000.0,2500000.0,,0.4,2695000.0
Retail,Karawang,3,Retail Data,49,,,3000000.0,,,,,,,,,200000.0,,,,,200000.0,3000000.0,,0.1,2695000.0
Retail,Karawang,4,Retail Data,50,,,3000000.0,,,,,,,,,300000.0,,,,,200000.0,3000000.0,,0.05,2450000.0
Retail,Karawang,5,Retail Data,51,,,3000000.0,,,,,,,,,200000.0,,,,,100000.0,3000000.0,,0.05,2695000.0
Retail,Karawang,6,Retail Data,52,,,1500000.0,,,,,,,,,300000.0,,,,,200000.0,3000000.0,,0.05,2475000.0
Retail,Karawang,7,Retail Data,53,,,3000000.0,,,,,,,,,200000.0,,,,,200000.0,3000000.0,,0.05,2475000.0
Retail,Karawang,8,Retail Data,54,,,3000000.0,,,,,,,,,300000.0,,,,,200000.0,3000000.0,,0.05,2695000.0
Retail,Karawang,9,Retail Data,55,,,3000000.0,,,,,,,,,250000.0,,,,,200000.0,2500000.0,,0.05,2450000.0
Retail,Karawang,10,Retail Data,56,,,3000000.0,,,,,,,,,150000.0,,,,,200000.0,2500000.0,,0.05,2695000.0
Retail,Karawang,11,Retail Data,57,,,3000000.0,,,,,,,,,200000.0,,,,,200000.0,3000000.0,,0.05,2695000.0
Retail,Karawang,12,Retail Data,58,,,3000000.0,,,,,,,,,300000.0,,,,,250000.0,3000000.0,,0.1,1800000.0
Retail,Karawang,13,Retail Data,59,,,3000000.0,,,,,,,,,200000.0,,,,,200000.0,3000000.0,,0.1,2695000.0
Retail,Karawang,14,Retail Data,60,,,3000000.0,,,,,,,,,150000.0,,,,,200000.0,3000000.0,,0.1,2695000.0
Retail,Karawang,15,Retail Data,61,,,3000000.0,,,,,,,,,50000.0,,,,,100000.0,3000000.0,,0.15,2695000.0
Retail,Karawang,16,Retail Data,62,,,3000000.0,,,,,,,,,200000.0,,,,,100000.0,3000000.0,,0.2,1960000.0
Retail,Subang,1,Retail Data,67,,,500000.0,,,,,,,,,250000.0,,,,,150000.0,2500000.0,,0.05,2695000.0
Retail,Subang,2,Retail Data,68,,,3000000.0,,,,,,,,,150000.0,,,,,200000.0,2500000.0,,0.05,2375000.0
Retail,Subang,3,Retail Data,69,,,250000.0,,,,,,,,,150000.0,,,,,150000.0,2500000.0,,0.1,1960000.0
Retail,Subang,4,Retail Data,70,,,500000.0,,,,,,,,,350000.0,,,,,150000.0,3000000.0,,0.1,2695000.0
Retail,Subang,5,Retail Data,71,,,3000000.0,,,,,,,,,80000.0,,,,,200000.0,3000000.0,,0.05,2695000.0
Retail,Subang,6,Retail Data,72,,,3000000.0,,,,,,,,,100000.0,,,,,200000.0,3000000.0,,0.05,1900000.0
Retail,Subang,7,Retail Data,73,,,3000000.0,,,,,,,,,150000.0,,,,,150000.0,3000000.0,,0.1,2695000.0
Retail,Subang,8,Retail Data,74,,,3000000.0,,,,,,,,,150000.0,,,,,150000.0,2500000.0,,0.1,2450000.0
Retail,Subang,9,Retail Data,75,,,200000.0,,,,,,,,,100000.0,,,,,200000.0,2000000.0,,0.4,1600000.0
Retail,Subang,10,Retail Data,76,,,2100000.0,,,,,,,,,300000.0,,,,,300000.0,3000000.0,,0.4,2475000.0
Retail,Subang,11,Retail Data,77,,,3000000.0,,,,,,,,,100000.0,,,,,200000.0,3000000.0,,0.4,2695000.0
Retail,Subang,12,Retail Data,78,,,500000.0,,,,,,,,,100000.0,,,,,200000.0,3325000.0,,0.25,2450000.0
Retail,Subang,13,Retail Data,79,,,3000000.0,,,,,,,,,100000.0,,,,,200000.0,3500000.0,,0.45,2695000.0
Retail,Subang,14,Retail Data,80,,,1500000.0,,,,,,,,,50000.0,,,,,200000.0,3000000.0,,0.35,2612500.0
Retail,Subang,15,Retail Data,81,,,1000000.0,,,,,,,,,100000.0,,,,,200000.0,3000000.0,,0.4,2695000.0
Retail,Subang,16,Retail Data,82,,,3000000.0,,,,,,,,,50000.0,,,,,200000.0,3000000.0,,0.35,2250000.0
Retail,Subang,17,Retail Data,83,,,3000000.0,,,,,,,,,50000.0,,,,,200000.0,2000000.0,,0.3,1750000.0
Retail,Subang,18,Retail Data,84,,,3000000.0,,,,,,,,,50000.0,,,,,200000.0,1800000.0,,0.3,1400000.0
Retail,Subang,19,Retail Data,85,,,3000000.0,,,,,,,,,50000.0,,,,,200000.0,1600000.0,,0.35,1750000.0
Retail,Tasikmalaya,1,Retail Data,89,,,3000000.0,,,,,,,,,200000.0,,,,,200000.0,3000000.0,,0.25,2475000.0
Retail,Tasikmalaya,2,Retail Data,90,,,4800000.0,,,,,,,,,200000.0,,,,,200000.0,3000000.0,,0.4,2695000.0
Retail,Tasikmalaya,3,Retail Data,91,,,3000000.0,,,,,,,,,200000.0,,,,,200000.0,3000000.0,,0.4,2612500.0
Retail,Tasikmalaya,4,Retail Data,92,,,5600000.0,,,,,,,,,200000.0,,,,,200000.0,3000000.0,,0.25,1960000.0
Retail,Tasikmalaya,5,Retail Data,93,,,3000000.0,,,,,,,,,300000.0,,,,,200000.0,3000000.0,,0.2,2695000.0
Retail,Tasikmalaya,6,Retail Data,94,,,3000000.0,,,,,,,,,500000.0,,,,,200000.0,3465000.0,,0.1,3240000.0
Retail,Tasikmalaya,7,Retail Data,95,,,3000000.0,,,,,,,,,250000.0,,,,,200000.0,3000000.0,,0.05,2695000.0
Retail,Tasikmalaya,8,Retail Data,96,,,3000000.0,,,,,,,,,250000.0,,,,,150000.0,3000000.0,,0.1,2695000.0
Retail,Tasikmalaya,9,Retail Data,97,,,2700000.0,,,,,,,,,150000.0,,,,,200000.0,3000000.0,,0.1,2450000.0
Retail,Tasikmalaya,10,Retail Data,98,,,3000000.0,,,,,,,,,250000.0,,,,,150000.0,3000000.0,,0.1,2612500.0
Retail,Tasikmalaya,11,Retail Data,99,,,3000000.0,,,,,,,,,180000.0,,,,,200000.0,3000000.0,,0.15,2475000.0
Retail,Tasikmalaya,12,Retail Data,100,,,3000000.0,,,,,,,,,200000.0,,,,,200000.0,3000000.0,,0.05,2695000.0
Retail,Tasikmalaya,13,Retail Data,101,,,3000000.0,,,,,,,,,250000.0,,,,,150000.0,3000000.0,,0.05,2450000.0
Retail,Tasikmalaya,14,Retail Data,102,,,1800000.0,,,,,,,,,150000.0,,,,,200000.0,3000000.0,,0.05,2375000.0
Retail,Tasikmalaya,15,Retail Data,103,,,3000000.0,,,,,,,,,200000.0,,,,,300000.0,3000000.0,,0.15,2695000.0
Retail,Tasikmalaya,16,Retail Data,104,,,3000000.0,,,,,,,,,300000.0,,,,,300000.0,3000000.0,,0.1,2695000.0
Retail,Tasikmalaya,17,Retail Data,105,,,3000000.0,,,,,,,,,200000.0,,,,,100000.0,3000000.0,,0.15,2612500.0
Retail,Tasikmalaya,18,Retail Data,106,,,3000000.0,,,,,,,,,200000.0,,,,,320000.0,3000000.0,,0.2,2695000.0
Retail,Tasikmalaya,19,Retail Data,107,,,3000000.0,,,,,,,,,350000.0,,,,,320000.0,3000000.0,,0.15,2475000.0
Retail,Tasikmalaya,20,Retail Data,108,,,3000000.0,,,,,,,,,300000.0,,,,,200000.0,3000000.0,,0.15,2695000.0
Retail,Tasikmalaya,21,Retail Data,109,,,3000000.0,,,,,,,,,200000.0,,,,,200000.0,3000000.0,,0.15,1900000.0
Retail,Tasikmalaya,22,Retail Data,110,,,3000000.0,,,,,,,,,200000.0,,,,,200000.0,3000000.0,,0.15,2695000.0
Retail,Tasikmalaya,23,Retail Data,111,,,3000000.0,,,,,,,,,400000.0,,,,,200000.0,3520000.0,,0.15,2695000.0
Retail,Tasikmalaya,24,Retail Data,112,,,3000000.0,,,,,,,,,150000.0,,,,,200000.0,3520000.0,,0.15,2695000.0
Retail,Tasikmalaya,25,Retail Data,113,,,3000000.0,,,,,,,,,200000.0,,,,,150000.0,2000000.0,,0.05,2450000.0
Retail,Tasikmalaya,26,Retail Data,114,,,400000.0,,,,,,,,,200000.0,,,,,200000.0,2250000.0,,0.1,2850000.0
Retail,Tasikmalaya,27,Retail Data,115,,,2000000.0,,,,,,,,,500000.0,,,,,200000.0,3000000.0,,0.1,2250000.0
Retail,Tasikmalaya,28,Retail Data,116,,,2000000.0,,,,,,,,,300000.0,,,,,250000.0,2500000.0,,0.2,2695000.0
